S.N.,Country,Total Cases,New Cases,Total Deaths,Total Recovered,Active Cases,Serious Critical,Tot cases/ 1M pop,Deaths / 1M pop,TOtal Tests,Tests/ 1M pop,Population,,,,,,,,,,,,
1,USA,"33,146,008",,"590,704 ",,"25,777,927",,"6,777,377","9,543","99,652","1,776","447,732,682","1,346,092","332,616,743 ",North America,105631,,,"20,376",,,,,
2,India,"19,557,457","+7,801","215,542 ",+19,"15,992,271","+10,499","3,349,644","8,944","14,057",155,"290,142,339","208,545","1,391,271,798 ",Asia,"716,4555",6,0.01,"2,408",,,,,
3,Brazil,"14,725,975",,"406,565 ",,"13,242,665",,"1,076,745","8,318","68,872","1,901","43,818,216","204,935","213,815,388 ",South America,155265,,,"5,036",,,,,
4,France,"5,642,359",,"104,706 ",,"4,590,376",,"947,277","5,581","86,283","1,601","76,301,950","1,166,808","65,393,762 ",Europe,126251,,,"14,486",,,,,
5,Turkey,"4,849,408",,"40,504 ",,"4,405,199",,"403,705","3,525","56,990",476,"47,504,193","558,265","85,092,490 ",Asia,"182,1012",,,"4,744",,,,,
6,Russia,"4,814,558",,"110,520 ",,"4,436,583",,"267,455","2,300","32,979",757,"129,500,000","887,068","145,986,588 ",Europe,"301,3211",,,"1,832",,,,,
7,UK,"4,418,530",,"127,524 ",,"4,218,172",,"72,834",185,"64,804","1,870","156,302,824","2,292,415","68,182,618 ",Europe,155350,,,"1,068",,,,,
8,Italy,"4,035,617",,"121,033 ",,"3,484,042",,"430,542","2,522","66,828","2,004","58,957,954","976,323","60,387,724 ",Europe,154991,,,"7,130",,,,,
9,Spain,"3,524,077",,"78,216 ",,"3,206,273",,"239,588","2,308","75,349","1,672","46,199,597","987,807","46,769,864 ",Europe,135981,,,"5,123",,,,,
10,Germany,"3,412,373",,"83,702 ",,"3,024,600","+12,500","304,071","5,049","40,620",996,"55,490,413","660,546","84,006,917 ",Europe,"251,0042",,,"3,620",,,,,
11,Argentina,"2,993,865",,"64,096 ",,"2,655,359",,"274,410","5,370","65,741","1,407","11,209,847","246,152","45,540,268 ",South America,157114,,,"6,026",,,,,
12,Colombia,"2,877,746",,"74,215 ",,"2,686,399",,"117,132","6,006","56,060","1,446","14,888,382","290,034","51,333,154 ",South America,186923,,,"2,282",,,,,
13,Poland,"2,798,617",,"67,924 ",,"2,510,858",,"219,835","2,723","74,014","1,796","14,321,250","378,748","37,812,066 ",Europe,145573,,,"5,814",,,,,
14,Iran,"2,516,157",,"72,090 ",,"1,971,064",,"473,003","5,421","29,642",849,"15,961,178","188,033","84,884,809 ",Asia,"341,1775",,,"5,572",,,,,
15,Mexico,"2,347,780","+3,025","217,168 ",+261,"1,867,191","+2,277","263,421","4,798","18,052","1,670","6,650,124","51,132","130,057,448 ",North America,5559920,23,2,"2,025",,,,,
16,Ukraine,"2,083,180","+5,094","44,596 ",+160,"1,676,265","+5,784","362,319",177,"47,873","1,025","9,456,234","217,312","43,514,481 ",Europe,219765,117,4,"8,326",,,,,
17,Peru,"1,804,915",,"61,789 ",,"1,688,091",,"55,035","2,667","54,116","1,853","11,225,924","336,582","33,352,726 ",South America,185403,,,"1,650",,,,,
18,Indonesia,"1,672,880",,"45,652 ",,"1,526,978",,"100,250",,"6,063",165,"14,703,659","53,289","275,924,964 ",Asia,"1656,04419",,,363,,,,,
19,Czechia,"1,632,932",,"29,316 ",,"1,555,152",,"48,464",527,"152,247","2,733","18,347,631","1,710,651","10,725,523 ",Europe,73661,,,"4,519",,,,,
20,South Africa,"1,582,842",,"54,406 ",,"1,506,732",,"21,704",546,"26,412",908,"10,682,827","178,258","59,929,069 ",Africa,"381,1026",,,362,,,,,
21,Netherlands,"1,502,107",,"17,169 ",,"1,263,274",,"221,664",792,"87,503","1,000","12,274,847","715,049","17,166,437 ",Europe,"111,0001",,,"12,913",,,,,
22,Canada,"1,227,035",,"24,261 ",,"1,119,279",,"83,495","1,422","32,276",638,"31,629,802","831,989","38,017,069 ",North America,"311,5671",,,"2,196",,,,,
23,Chile,"1,204,755",,"26,457 ",,"1,136,816",,"41,482","3,336","62,576","1,374","13,115,985","681,260","19,252,532 ",South America,167281,,,"2,155",,,,,
24,Iraq,"1,070,366",,"15,498 ",,"949,341",,"105,527",571,"26,127",378,"9,376,388","228,868","40,968,539 ",Asia,"382,6434",,,"2,576",,,,,
25,Romania,"1,056,572",,"28,194 ",,"992,605",,"35,773","1,277","55,230","1,474","8,273,925","432,498","19,130,567 ",Europe,186792,,,"1,870",,,,,
26,Philippines,"1,046,653",,"17,354 ",,"957,051",,"72,248",750,"9,447",157,"11,854,425","106,998","110,790,799 ",Asia,"1066,3849",,,652,,,,,
27,Belgium,"993,434","+3,205","24,258 ",+28,"858,223",,"110,953",855,"85,408","2,086","12,586,507","1,082,097","11,631,588 ",Europe,124791,276,2,"9,539",,,,,
28,Sweden,"973,604",,"14,048 ",,"806,095","+6,978","153,461",392,"95,906","1,384","8,482,276","835,558","10,151,626 ",Europe,107231,,,"15,117",,,,,
29,Israel,"838,481",,"6,363 ",,"830,625",,"1,493",110,"91,163",692,"14,200,104","1,543,894","9,197,590 ",Asia,"111,4451",,,162,,,,,
30,Portugal,"836,947",,"16,976 ",,"796,477",,"23,494",84,"82,280","1,669","10,515,374","1,033,765","10,171,918 ",Europe,125991,,,"2,310",,,,,
31,Pakistan,"829,933","+4,414","18,070 ",+113,"722,202","+5,193","89,661","5,448","3,698",81,"11,882,141","52,941","224,441,715 ",Asia,"27012,42119",20,0.5,399,,,,,
32,Hungary,"781,299",,"27,701 ",,"517,026",,"236,572",621,"81,048","2,874","5,394,652","559,617","9,639,899 ",Europe,123482,,,"24,541",,,,,
33,Bangladesh,"760,584",,"11,510 ",,"684,671",,"64,403",996,"4,580",69,"5,484,821","33,031","166,051,909 ",Asia,"21814,42730",,,388,,,,,
34,Jordan,"712,077",,"8,871 ",,"685,010",,"18,196",729,"69,219",862,"6,714,356","652,687","10,287,249 ",Asia,"141,1602",,,"1,769",,,,,
35,Serbia,"690,931",,"6,386 ",,"638,811",,"45,734",160,"79,344",733,"3,847,549","441,840","8,708,015 ",Europe,"131,3642",,,"5,252",,,,,
36,Switzerland,"659,974",,"10,633 ",,"590,565",,"58,776",238,"75,796","1,221","6,911,371","793,751","8,707,229 ",Europe,138191,,,"6,750",,,,,
37,Austria,"620,485",,"10,233 ",,"587,115",,"23,137",484,"68,568","1,131","32,228,406","3,561,491","9,049,134 ",Europe,158840,,,"2,557",,,,,
38,Japan,"591,602",,"10,229 ",,"523,227",,"58,146","1,020","4,690",81,"11,897,791","94,312","126,153,600 ",Asia,"21312,33311",,,461,,,,,
39,Lebanon,"527,508",,"7,302 ",,"464,660",,"55,546",582,"77,575","1,074","4,011,613","589,948","6,799,947 ",Asia,139312,,,"8,169",,,,,
40,UAE,"521,948",,"1,591 ",,"502,460",,"17,897",,"52,249",159,"44,311,796","4,435,810","9,989,561 ",Asia,"196,2790",,,"1,792",,,,,
41,Morocco,"511,562",,"9,026 ",,"498,131",,"4,405",207,"13,725",242,"6,270,195","168,221","37,273,622 ",Africa,"734,1306",,,118,,,,,
42,Saudi Arabia,"418,411",,"6,968 ",,"401,544",,"9,899","1,333","11,865",198,"16,969,267","481,218","35,263,191 ",Asia,"845,0612",,,281,,,,,
43,Malaysia,"411,594",,"1,521 ",,"380,442",,"29,631",337,"12,583",46,"9,482,220","289,887","32,710,014 ",Asia,"7921,5063",,,906,,,,,
44,Bulgaria,"404,846",,"16,444 ",,"339,889",,"48,513",670,"58,633","2,382","2,525,448","365,754","6,904,772 ",Europe,174203,,,"7,026",,,,,
45,Ecuador,"384,589",,"18,724 ",,"318,598",,"47,267",623,"21,527","1,048","1,291,070","72,268","17,865,111 ",South America,4695414,,,"2,646",,,,,
46,Slovakia,"382,720",,"11,732 ",,"363,604",,"7,384",310,"70,072","2,148","2,629,250","481,385","5,461,845 ",Europe,144662,,,"1,352",,,,,
47,Panama,"364,844",,"6,235 ",,"354,713",,"3,896",105,"83,468","1,426","2,402,739","549,693","4,371,053 ",North America,127012,,,891,,,,,
48,Belarus,"359,982",,"2,552 ",,"350,433",,"6,997",,"38,107",270,"5,868,221","621,191","9,446,733 ",Europe,"263,7022",,,741,,,,,
49,Greece,"346,422",,"10,453 ",,"306,498",,"29,471",811,"33,372","1,007","8,165,612","786,624","10,380,577 ",Europe,309931,,,"2,839",,,,,
50,Croatia,"334,229",,"7,130 ",,"312,823",,"14,276",246,"81,836","1,746","1,814,505","444,281","4,084,137 ",Europe,125732,,,"3,495",,,,,
51,Nepal,"328,893",,"3,298 ",,"282,382",,"43,213",,"11,122",112,"2,488,359","84,149","29,570,715 ",Asia,"908,96612",,,"1,461",,,,,
52,Kazakhstan,"325,499","+2,804","3,717 ",+18,"278,584","+1,607","43,198",221,"17,165",196,"10,190,393","537,381","18,963,084 ",Asia,"585,1022",148,0.9,"2,278",,,,,
53,Azerbaijan,"320,322",,"4,538 ",,"291,564",,"24,220",,"31,358",444,"3,253,878","318,536","10,215,094 ",Asia,"322,2513",,,"2,371",,,,,
54,Georgia,"312,445",+988,"4,151 ",+21,"293,052","+1,595","15,242",,"78,449","1,042","4,218,198","1,059,108","3,982,784 ",Asia,139591,248,5,"3,827",,,,,
55,Tunisia,"310,734",,"10,808 ",,"261,552",,"38,374",518,"26,065",907,"1,319,328","110,670","11,921,296 ",Africa,"381,1039",,,"3,219",,,,,
56,Bolivia,"306,527",+933,"13,009 ",+34,"252,780","+1,116","40,738",71,"25,966","1,102","1,178,553","99,834","11,805,074 ",South America,3990710,79,3,"3,451",,,,,
57,Palestine,"296,462",,"3,249 ",,"272,333",,"20,880",147,"57,018",625,"1,741,234","334,891","5,199,404 ",Asia,"181,6003",,,"4,016",,,,,
58,Paraguay,"281,023",,"6,476 ",,"231,517",,"43,030",512,"39,003",899,"1,102,980","153,080","7,205,234 ",South America,"261,1137",,,"5,972",,,,,
59,Kuwait,"275,270",,"1,569 ",,"258,599",,"15,102",220,"63,677",363,"2,334,897","540,119","4,322,927 ",Asia,"162,7552",,,"3,493",,,,,
60,Dominican Republic,"266,861",,"3,487 ",,"227,267",,"36,107",196,"24,397",319,"1,406,420","128,578","10,938,244 ",North America,"413,1378",,,"3,301",,,,,
61,Ethiopia,"258,062",,"3,709 ",,"200,148",,"54,205",912,"2,200",32,"2,584,305","22,029","117,315,204 ",Africa,"45531,63045",,,462,,,,,
62,Denmark,"252,045",,"2,489 ",,"239,913",,"9,643",37,"43,387",428,"38,325,742","6,597,448","5,809,177 ",Europe,"232,3340",,,"1,660",,,,,
63,Moldova,"251,160",,"5,826 ",,"240,393",,"4,941",207,"62,382","1,447","993,704","246,813","4,026,147 ",Europe,166914,,,"1,227",,,,,
64,Costa Rica,"250,991",,"3,231 ",,"203,009",,"44,751",380,"48,900",629,"974,477","189,854","5,132,758 ",North America,"201,5895",,,"8,719",,,,,
65,Ireland,"249,437",,"4,906 ",,"231,694",,"12,837",41,"50,052",984,"4,512,912","905,558","4,983,570 ",Europe,"201,0161",,,"2,576",,,,,
66,Lithuania,"248,655",,"3,937 ",,"224,649",,"20,069",223,"92,419","1,463","2,814,398","1,046,043","2,690,519 ",Europe,116831,,,"7,459",,,,,
67,Slovenia,"241,309",,"4,258 ",,"227,411",,"9,640",154,"116,060","2,048","1,178,789","566,950","2,079,176 ",Europe,94882,,,"4,636",,,,,
68,Egypt,"228,584",,"13,402 ",,"171,542",,"43,640",90,"2,199",129,"2,715,258","26,125","103,931,972 ",Africa,"4557,75538",,,420,,,,,
69,Guatemala,"228,477",,"7,543 ",,"204,141",,"16,793",5,"12,561",415,"1,264,544","69,519","18,189,912 ",North America,"802,41114",,,923,,,,,
70,Armenia,"216,596",,"4,128 ",,"199,115",,"13,353",,"72,981","1,391","988,086","332,929","2,967,855 ",Asia,147193,,,"4,499",,,,,
71,Honduras,"213,167",+834,"5,318 ",+37,"78,806",+183,"129,043",566,"21,242",530,"629,447","62,724","10,035,141 ",North America,"471,88716",83,4,"12,859",,,,,
72,Qatar,"206,302",,465 ,,"191,071",,"14,766",364,"73,474",166,"1,908,717","679,790","2,807,805 ",Asia,"146,0381",,,"5,259",,,,,
73,Uruguay,"200,908",,"2,669 ",,"170,750",,"27,489",559,"57,670",766,"1,814,302","520,790","3,483,749 ",South America,"171,3052",,,"7,891",,,,,
74,Venezuela,"198,865",,"2,155 ",,"180,301",,"16,409",317,"7,010",76,"3,359,014","118,405","28,368,759 ",South America,"14313,1648",,,578,,,,,
75,Bosnia and Herzegovina,"198,461",,"8,551 ",,"159,223",,"30,687",,"60,807","2,620","907,054","277,915","3,263,787 ",Europe,163824,,,"9,402",,,,,
76,Oman,"193,253",,"2,010 ",,"173,123",,"18,120",275,"37,065",386,"1,550,000","297,285","5,213,849 ",Asia,"272,5943",,,"3,475",,,,,
77,Bahrain,"177,997",,648 ,,"166,851",,"10,498",89,"101,699",370,"4,108,476","2,347,399","1,750,225 ",Asia,"102,7010",,,"5,998",,,,,
78,Libya,"177,508",,"3,029 ",,"163,191",,"11,288",,"25,545",436,"958,768","137,976","6,948,783 ",Africa,"392,2947",,,"1,624",,,,,
79,Nigeria,"165,110",,"2,063 ",,"155,101",,"7,946",11,785,10,"1,912,628","9,092","210,358,766 ",Africa,"1,274101,967110",,,38,,,,,
80,Kenya,"160,053",,"2,744 ",,"108,789",,"48,520",188,"2,923",50,"1,675,310","30,599","54,750,456 ",Africa,"34219,95333",,,886,,,,,
81,North Macedonia,"152,581",,"4,891 ",,"133,070",,"14,620",124,"73,240","2,348","723,722","347,392","2,083,303 ",Europe,144263,,,"7,018",,,,,
82,Myanmar,"142,831",,"3,209 ",,"131,972",,"7,650",,"2,611",59,"2,577,903","47,117","54,713,038 ",Asia,"38317,05021",,,140,,,,,
83,Albania,"131,185",,"2,396 ",,"110,172",,"18,617",18,"45,627",833,"636,651","221,430","2,875,178 ",Europe,"221,2005",,,"6,475",,,,,
84,S. Korea,"123,240",+606,"1,833 ",+2,"112,865",+528,"8,542",170,"2,402",36,"8,898,234","173,435","51,305,935 ",Asia,"41627,9906",12,0.04,166,,,,,
85,Estonia,"122,450",,"1,166 ",,"112,007",,"9,277",57,"92,256",878,"1,288,985","971,149","1,327,278 ",Europe,"111,1381",,,"6,989",,,,,
86,Algeria,"122,311",,"3,261 ",,"85,249",,"33,801",28,"2,748",73,"230,861","5,187","44,506,651 ",Africa,"36413,648193",,,759,,,,,
87,Latvia,"119,370",,"2,139 ",,"108,949",,"8,282",84,"63,876","1,145","2,305,084","1,233,477","1,868,770 ",Europe,168741,,,"4,432",,,,,
88,Norway,"113,259",,756 ,,"88,952",,"23,551",34,"20,757",139,"5,212,177","955,229","5,456,469 ",Europe,"487,2181",,,"4,316",,,,,
89,Sri Lanka,"109,862",,687 ,,"96,478",,"12,697",,"5,113",32,"2,733,805","127,225","21,487,952 ",Asia,"19631,2788",,,591,,,,,
90,Cuba,"107,622",,654 ,,"101,475",,"5,493",73,"9,507",58,"3,654,854","322,843","11,320,855 ",North America,"10517,3103",,,485,,,,,
91,Montenegro,"97,517",,"1,502 ",,"93,701",,"2,314",69,"155,249","2,391","376,905","600,041","628,132 ",Europe,64182,,,"3,684",,,,,
92,Kyrgyzstan,"96,060",+308,"1,619 ",+7,"89,719",+258,"4,722",72,"14,525",245,"996,830","150,730","6,613,368 ",Asia,"694,0857",47,1,714,,,,,
93,Ghana,"92,601",,779 ,,"90,248",,"1,574",7,"2,930",25,"1,081,113","34,202","31,609,384 ",Africa,"34140,57729",,,50,,,,,
94,Zambia,"91,670",,"1,251 ",,"90,012",,407,45,"4,874",67,"1,406,735","74,792","18,808,586 ",Africa,"20515,03513",,,22,,,,,
95,Uzbekistan,"91,643",+393,652 ,+2,"87,628",+315,"3,363",23,"2,706",19,"1,377,915","40,681","33,871,350 ",Asia,"37051,95025",12,0.06,99,,,,,
96,Finland,"87,096",,914 ,,"46,000",,"40,182",31,"15,699",165,"4,484,272","808,285","5,547,888 ",Europe,"646,0701",,,"7,243",,,,,
97,Cameroon,"72,250",,"1,107 ",,"67,625",,"3,518",385,"2,667",41,"1,257,949","46,433","27,091,519 ",Africa,"37524,47322",,,130,,,,,
98,Mozambique,"69,965",,814 ,,"66,883",,"2,268",43,"2,188",25,"520,205","16,268","31,977,645 ",Africa,"45739,28561",,,71,,,,,
99,El Salvador,"69,198",,"2,124 ",,"64,876",,"2,198",31,"10,624",326,"914,674","140,429","6,513,428 ",North America,"943,0677",,,337,,,,,
100,Thailand,"68,984","+1,940",245 ,+21,"39,481","+1,406","29,258",954,986,4,"8,124,896","116,160","69,945,784 ",Asia,"1,014285,4939",28,0.3,418,,,,,
101,Luxembourg,"67,397",,797 ,,"63,661",,"2,939",34,"106,235","1,256","2,673,110","4,213,497","634,416 ",Europe,97960,,,"4,633",,,,,
102,Cyprus,"65,909",,312 ,,"39,061",,"26,536",75,"54,261",257,"4,898,791","4,033,042","1,214,664 ",Asia,"183,8930",,,"21,846",,,,,
103,Singapore,"61,179",,31 ,,"60,765",,383,,"10,389",5,"9,536,636","1,619,514","5,888,578 ",Asia,"96189,9541",,,65,,,,,
104,Afghanistan,"60,122",,"2,637 ",,"53,272",,"4,213","1,124","1,516",67,"404,894","10,211","39,652,974 ",Asia,"66015,03798",,,106,,,,,
105,Namibia,"48,654",,643 ,,"46,238",,"1,773",37,"18,865",249,"388,574","150,668","2,579,003 ",Africa,"534,0117",,,687,,,,,
106,Botswana,"46,934",,712 ,,"44,960",,"1,262",1,"19,630",298,"999,041","417,850","2,390,908 ",Africa,"513,3582",,,528,,,,,
107,Ivory Coast,"46,114",,286 ,,"45,582",,246,,"1,713",11,"594,288","22,078","26,917,693 ",Africa,"58494,11845",,,9,,,,,
108,Jamaica,"45,777",,779 ,,"21,153",,"23,845",22,"15,403",262,"332,706","111,950","2,971,920 ",North America,"653,8159",,,"8,023",,,,,
109,Uganda,"41,905",,342 ,,"41,422",,141,24,893,7,"1,017,854","21,688","46,930,713 ",Africa,"1,120137,22446",,,3,,,,,
110,Senegal,"40,388",,"1,109 ",,"39,110",,169,11,"2,361",65,"481,020","28,117","17,108,079 ",Africa,"42415,42736",,,10,,,,,
111,Mongolia,"38,470","+1,185",117 ,+2,"21,707","+1,026","16,646",119,"11,580",35,"2,719,337","818,576","3,322,033 ",Asia,"8628,3931",357,0.6,"5,011",,,,,
112,Zimbabwe,"38,260",,"1,568 ",,"35,620",,"1,072",12,"2,543",104,"417,583","27,761","15,042,299 ",Africa,"3939,59336",,,71,,,,,
113,Madagascar,"37,296",,654 ,,"32,111",,"4,531",396,"1,319",23,"184,336","6,519","28,278,674 ",Africa,"75843,240153",,,160,,,,,
114,Malawi,"34,095",,"1,148 ",,"32,064",,883,12,"1,745",59,"233,149","11,933","19,537,996 ",Africa,"57317,01984",,,45,,,,,
115,Sudan,"33,104",,"2,349 ",,"26,795",,"3,960",,741,53,"232,965","5,212","44,695,198 ",Africa,"1,35019,027192",,,89,,,,,
116,Malta,"30,307",,415 ,,"29,622",,270,,"68,487",938,"869,063","1,963,887","442,522 ",Europe,"151,0661",,,610,,,,,
117,Maldives,"30,237",,73 ,,"24,934",,"5,230",90,"55,134",133,"729,127","1,329,485","548,428 ",Asia,"187,5131",,,"9,536",,,,,
118,DRC,"29,904",,768 ,,"26,250",,"2,886",,326,8,"149,376","1,627","91,804,946 ",Africa,"3,070119,538615",,,31,,,,,
119,Australia,"29,819",+7,910 ,,"28,617",,292,1,"1,158",35,"16,893,635","656,180","25,745,436 ",Australia/Oceania,"86328,2922",0.3,,11,,,,,
120,Angola,"26,815",,600 ,,"23,913",,"2,302",10,795,18,"498,853","14,799","33,708,433 ",Africa,"1,25756,18168",,,68,,,,,
121,Rwanda,"25,225",,335 ,,"23,345",,"1,545",2,"1,908",25,"1,316,968","99,639","13,217,357 ",Africa,"52439,45510",,,117,,,,,
122,Cabo Verde,"24,127",,220 ,,"20,711",,"3,196",23,"43,007",392,"152,873","272,501","561,000 ",Africa,"232,5504",,,"5,697",,,,,
123,Gabon,"23,075",,139 ,,"19,629",,"3,307",19,"10,169",61,"731,109","322,199","2,269,124 ",Africa,"9816,3253",,,"1,457",,,,,
124,Syria,"22,818",,"1,598 ",,"16,992",,"4,228",,"1,278",90,"103,566","5,801","17,851,800 ",Asia,"78211,171172",,,237,,,,,
125,Guinea,"22,247",,144 ,,"19,685",,"2,418",24,"1,657",11,"433,166","32,262","13,426,693 ",Africa,"60493,24131",,,180,,,,,
126,Réunion,"20,381",,148 ,,"18,659",,"1,574",36,"22,630",164,"101,244","112,416","900,623 ",Africa,"446,0859",,,"1,748",,,,,
127,Mayotte,"20,094",,170 ,,"2,964",,"16,960",3,"72,215",611,"171,277","615,546","278,252 ",Africa,"141,6372",,,"60,952",,,,,
128,French Guiana,"19,543",,101 ,,"9,995",,"9,447",20,"64,060",331,"216,365","709,226","305,072 ",South America,"163,0211",,,"30,966",,,,,
129,French Polynesia,"18,758",,141 ,,"18,597",,20,3,"66,457",500,"26,355","93,372","282,258 ",Australia/Oceania,"152,00211",,,71,,,,,
130,Eswatini,"18,458",,671 ,,"17,748",,39,3,"15,774",573,"187,111","159,905","1,170,138 ",Africa,"631,7446",,,33,,,,,
131,Mauritania,"18,429",,455 ,,"17,707",,267,14,"3,879",96,"234,909","49,449","4,750,525 ",Africa,"25810,44120",,,56,,,,,
132,Guadeloupe,"14,555",,198 ,,"2,242",,"12,115",18,"36,371",495,"180,000","449,796","400,181 ",North America,"272,0212",,,"30,274",,,,,
133,Cambodia,"14,520",+730,103 ,+6,"5,369",+169,"9,048",,859,6,"914,398","54,072","16,910,843 ",Asia,"1,165164,18318",43,0.4,535,,,,,
134,Somalia,"13,915",,713 ,,"5,847",,"7,355",,856,44,"111,801","6,876","16,258,940 ",Africa,"1,16822,804145",,,452,,,,,
135,Mali,"13,896",,485 ,,"8,685",,"4,726",,670,23,"255,738","12,336","20,731,747 ",Africa,"1,49242,74681",,,228,,,,,
136,Guyana,"13,404",,298 ,,"11,299",,"1,807",17,"16,973",377,"123,880","156,868","789,709 ",South America,"592,6506",,,"2,288",,,,,
137,Burkina Faso,"13,319",,157 ,,"13,053",,109,,623,7,"179,998","8,421","21,376,120 ",Africa,"1,605136,154119",,,5,,,,,
138,Tajikistan,"13,308",,90 ,,"13,218",,0,,"1,370",9,,,"9,714,711 ",Asia,"730107,941",,,,,,,,
139,Andorra,"13,232",,125 ,,"12,684",,423,18,"171,027","1,616","193,595","2,502,262","77,368 ",Europe,66190,,,"5,467",,,,,
140,Haiti,"13,094",,254 ,,"12,148",,692,,"1,137",22,"60,085","5,217","11,517,868 ",North America,"88045,346192",,,60,,,,,
141,Togo,"12,992",,123 ,,"11,249",,"1,620",,"1,540",15,"311,597","36,923","8,439,039 ",Africa,"65068,61027",,,192,,,,,
142,Belize,"12,668",,323 ,,"12,218",,127,1,"31,387",800,"117,641","291,476","403,604 ",North America,"321,2503",,,315,,,,,
143,Curaçao,"12,207",,110 ,,"11,665",,432,22,"74,139",668,"95,244","578,460","164,651 ",North America,"131,4972",,,"2,624",,,,,
144,Hong Kong,"11,783",,210 ,,"11,432",,141,3,"1,561",28,"11,193,673","1,483,092","7,547,522 ",Asia,"64135,9411",,,19,,,,,
145,Martinique,"11,253",,75 ,,98,,"11,080",33,"30,006",200,"157,145","419,028","375,023 ",North America,"335,0002",,,"29,545",,,,,
146,Djibouti,"11,121",,145 ,,"10,748",,228,,"11,122",145,"149,630","149,643","999,911 ",Africa,"906,8967",,,228,,,,,
147,Papua New Guinea,"11,119",,115 ,,"9,302",,"1,702",,"1,224",13,"93,283","10,265","9,087,299 ",Australia/Oceania,"81779,02097",,,187,,,,,
148,Trinidad and Tobago,"11,072",,171 ,,"8,546",,"2,355",8,"7,890",122,"131,927","94,015","1,403,260 ",North America,"1278,20611",,,"1,678",,,,,
149,Lesotho,"10,731",,316 ,,"6,267",,"4,148",,"4,976",147,"79,490","36,863","2,156,361 ",Africa,"2016,82427",,,"1,924",,,,,
150,Congo,"10,678",,144 ,,"8,208",,"2,326",,"1,897",26,"92,500","16,429","5,630,256 ",Africa,"52739,09961",,,413,,,,,
151,Aruba,"10,650",,99 ,,"10,402",,149,14,"99,400",924,"148,931","1,390,021","107,143 ",North America,"101,0821",,,"1,391",,,,,
152,South Sudan,"10,583",,115 ,,"10,312",,156,,936,10,"151,582","13,411","11,302,639 ",Africa,"1,06898,28475",,,14,,,,,
153,Bahamas,"10,453",,199 ,,"9,494",,760,4,"26,372",502,"86,984","219,454","396,365 ",North America,"381,9925",,,"1,917",,,,,
154,Suriname,"10,428",,204 ,,"9,359",,865,26,"17,645",345,"51,013","86,317","590,998 ",South America,"572,89712",,,"1,464",,,,,
155,Benin,"7,821",,99 ,,"7,580",,142,35,631,8,"590,214","47,654","12,385,279 ",Africa,"1,584125,10421",,,11,,,,,
156,Equatorial Guinea,"7,694",,112 ,,"7,279",,303,7,"5,340",78,"123,169","85,479","1,440,927 ",Africa,"18712,86512",,,210,,,,,
157,Nicaragua,"6,898",,182 ,,"4,225",,"2,491",,"1,031",27,,,"6,689,960 ",North America,"97036,758",,,372,,,,,
158,Iceland,"6,472",,29 ,,"6,253",,190,4,"18,864",85,"600,005","1,748,857","343,084 ",Europe,"5311,8301",,,554,,,,,
159,CAR,"6,411",,88 ,,"5,112",,"1,211",2,"1,309",18,"40,907","8,350","4,899,311 ",Africa,"76455,674120",,,247,,,,,
160,Yemen,"6,325",,"1,229 ",,"2,794",,"2,302",23,208,40,"24,923",821,"30,369,014 ",Asia,"4,80124,7101,219",,,76,,,,,
161,Gambia,"5,898",,174 ,,"5,357",,367,3,"2,385",70,"71,116","28,761","2,472,661 ",Africa,"41914,21135",,,148,,,,,
162,Seychelles,"5,873",,28 ,,"5,101",,744,,"59,411",283,"21,504","217,535","98,853 ",Africa,"173,5305",,,"7,526",,,,,
163,Niger,"5,229",,191 ,,"4,855",,183,18,210,8,"99,176","3,979","24,926,972 ",Africa,"4,767130,508251",,,7,,,,,
164,San Marino,"5,066",,90 ,,"4,917",,59,4,"149,044","2,648","61,499","1,809,326","33,990 ",Europe,73781,,,"1,736",,,,,
165,Chad,"4,824",,170  ,,"4,430",,224,,287,10,"114,046","6,783","16,814,496 ",Africa,"3,48698,909147",,,13,,,,,
166,Saint Lucia,"4,560",,74 ,,"4,368",,118,2,"24,739",401,"40,466","219,536","184,325 ",North America,"402,4915",,,640,,,,,
167,Gibraltar,"4,283",,94 ,,"4,186",,3,1,"127,156","2,791","234,751","6,969,421","33,683 ",Europe,83580,,,89,,,,,
168,Sierra Leone,"4,057",,79 ,,"3,076",,902,,500,10,"152,747","18,832","8,111,176 ",Africa,"1,999102,67353",,,111,,,,,
169,Channel Islands,"4,055",,86 ,,"3,956",,13,1,"23,146",491,"454,413","2,593,770","175,194 ",Europe,"432,0370",,,74,,,,,
170,Burundi,"4,018",,6 ,,773,,"3,239",,330,0.5,"90,019","7,389","12,182,658 ",Africa,"3,0322,030,443135",,,266,,,,,
171,Barbados,"3,863",,44 ,,"3,793",+10,26,,"13,429",153,"154,341","536,525","287,668 ",North America,"746,5382",,,90,,,,,
172,Comoros,"3,838",,146 ,,"3,674",,18,,"4,337",165,,,"884,919 ",Africa,"2316,061",,,20,,,,,
173,Guinea-Bissau,"3,736",,67 ,,"3,327",,342,9,"1,862",33,"63,774","31,785","2,006,429 ",Africa,"53729,94731",,,170,,,,,
174,Eritrea,"3,671",,10 ,,"3,492",,169,,"1,023",3,"23,693","6,605","3,587,124 ",Africa,"977358,712151",,,47,,,,,
175,Vietnam,"2,942",,35 ,,"2,548",,359,,30,0.4,"2,598,753","26,500","98,066,119 ",Asia,"33,3332,801,88938",,,4,,,,,
176,Liechtenstein,"2,936",,57 ,,"2,792",,87,6,"76,820","1,491","39,109","1,023,287","38,219 ",Europe,136711,,,"2,276",,,,,
177,New Zealand,"2,618",+5,26 ,,"2,568",+4,24,,523,5,"2,026,948","405,219","5,002,100 ",Australia/Oceania,"1,911192,3882",1.0,,5,,,,,
178,Monaco,"2,457",,32 ,,"2,369",,56,1,"62,245",811,"51,953","1,316,165","39,473 ",Europe,"161,2341",,,"1,419",,,,,
179,Timor-Leste,"2,396",,3 ,,"1,157",,"1,236",,"1,789",2,"68,962","51,494","1,339,228 ",Asia,"559446,40919",,,923,,,,,
180,Bermuda,"2,393",,28 ,,"1,820",,545,28,"38,543",451,"239,584","3,858,905","62,086 ",North America,"262,2170",,,"8,778",,,,,
181,Turks and Caicos,"2,390",,17 ,,"2,343",,30,2,"61,046",434,"55,521","1,418,125","39,151 ",North America,"162,3031",,,766,,,,,
182,Sao Tome and Principe,"2,302",,35 ,,"2,241",,26,,"10,345",157,"12,999","58,415","222,528 ",Africa,"976,35817",,,117,,,,,
183,Sint Maarten,"2,230",,27 ,,"2,187",,16,1,"51,525",624,"26,359","609,034","43,280 ",North America,"191,6032",,,370,,,,,
184,Liberia,"2,099",,85 ,,"1,949",,65,2,407,16,"95,315","18,487","5,155,897 ",Africa,"2,45660,65854",,,13,,,,,
185,St. Vincent Grenadines,"1,864",,11 ,,"1,719",,134,2,"16,758",99,"45,183","406,201","111,233 ",North America,"6010,1122",,,"1,205",,,,,
186,Saint Martin,"1,745",,12 ,,"1,399",,334,7,"44,502",306,"27,588","703,560","39,212 ",North America,"223,2681",,,"8,518",,,,,
187,Isle of Man,"1,589",,29 ,,"1,548",,12,1,"18,605",340,"44,761","524,091","85,407 ",Europe,"542,9452",,,141,,,,,
188,Caribbean Netherlands,"1,559",,16 ,,"1,530",,13,,"58,997",605,"10,025","379,376","26,425 ",North America,"171,6523",,,492,,,,,
189,Antigua and Barbuda,"1,232",,32 ,,"1,014",,186,1,"12,495",325,"16,700","169,366","98,603 ",North America,"803,0816",,,"1,886",,,,,
190,Mauritius,"1,211",,17 ,,"1,106",+18,88,,951,13,"358,675","281,640","1,273,525 ",Africa,"1,05274,9134",,,69,,,,,
191,Taiwan,"1,137",+5,12 ,,"1,055",+2,70,,48,0.5,"539,626","22,623","23,852,669 ",Asia,"20,9791,987,72244",0.2,,3,,,,,
192,Bhutan,"1,106",,1 ,,990,,115,,"1,420",1,"707,405","908,489","778,661 ",Asia,"704778,6611",,,148,,,,,
193,St. Barth,974,,1 ,,462,,511,,"98,364",101,"26,385","2,664,613","9,902 ",North America,"109,9020",,,"51,606",,,,,
194,Laos,821,, ,,51,,770,,112,,"174,234","23,663","7,363,088 ",Asia,"8,96842",,,105,,,,,
195,Diamond Princess,712,,13 ,,699,,0,,,,,, ,,,,,,,,,,
196,Faeroe Islands,664,,1 ,,662,,1,,"13,546",20,"253,211","5,165,779","49,017 ",Europe,"7449,0170",,,20,,,,,
197,Cayman Islands,543,,2 ,,526,,15,,"8,182",30,"90,031","1,356,665","66,362 ",North America,"12233,1811",,,226,,,,,
198,Tanzania,509,,21 ,,183,,305,7,8,0.3,,,"61,137,218 ",Africa,"120,1122,911,296",,,5,,,,,
199,Wallis and Futuna,444,,7 ,,44,,393,1,"40,094",632,"15,256","1,377,641","11,074 ",Australia/Oceania,"251,5821",,,"35,489",,,,,
200,Brunei ,227,,3 ,,218,,6,,515,7,"121,153","274,750","440,958 ",Asia,"1,943146,9864",,,14,,,,,
201,British Virgin Islands,194,,1 ,,191,,2,,"6,382",33,"38,203","1,256,760","30,398 ",North America,"15730,3981",,,66,,,,,
202,Dominica,174,, ,,172,,2,,"2,412",,"14,936","207,056","72,135 ",North America,4155,,,28,,,,,
203,Grenada,160,,1 ,,158,,1,,"1,416",9,"26,331","233,106","112,957 ",North America,"706112,9574",,,9,,,,,
204,New Caledonia,124,, ,,58,,66,,431,,"30,081","104,529","287,777 ",Australia/Oceania,"2,32110",,,229,,,,,
205,Fiji,119,,2 ,,68,,49,,132,2,"52,040","57,704","901,844 ",Australia/Oceania,"7,579450,92217",,,54,,,,,
206,Anguilla,95,+2, ,,29,,66,,"6,286",,"20,821","1,377,597","15,114 ",North America,1591,132,,"4,367",,,,,
207,Falkland Islands,63,, ,,62,,1,,"17,677",,"7,202","2,020,763","3,564 ",South America,570,,,281,,,,,
208,Macao,49,, ,,49,,0,,75,,"4,483","6,827","656,676 ",Asia,"13,402146",,,,,,,,
209,Saint Kitts and Nevis,45,, ,,44,,1,,841,,"13,691","255,849","53,512 ",North America,"1,1894",,,19,,,,,
210,Greenland,31,, ,,31,,0,,545,,"20,669","363,558","56,852 ",North America,"1,8343",,,,,,,,
211,Vatican City,27,, ,,15,,12,,"33,624",,,,803 ,Europe,30,,,"14,944",,,,,
212,Saint Pierre Miquelon,25,, ,,25,,0,,"4,333",,"5,318","921,664","5,770 ",North America,2311,,,,,,,,
213,Montserrat,20,,1 ,,19,,0,,"4,004",200,"1,313","262,863","4,995 ",North America,"2504,9954",,,,,,,,
214,Solomon Islands,20,, ,,20,,0,,29,,"4,500","6,421","700,795 ",Australia/Oceania,"35,040156",,,,,,,,
215,Western Sahara,10,,1 ,,8,,1,,16,2,,,"609,468 ",Africa,"60,947609,468",,,2,,,,,
216,MS Zaandam,9,,2 ,,7,,0,,,,,, ,,,,,,,,,,
217,Vanuatu,4,,1 ,,3,,0,,13,3,470,"1,501","313,075 ",Australia/Oceania,"78,269313,075666",,,,,,,,
218,Marshall Islands,4,, ,,4,,0,,67,,,,"59,522 ",Australia/Oceania,"14,881",,,,,,,,
219,Samoa,3,, ,,2,,1,,15,,,,"199,510 ",Australia/Oceania,"66,503",,,5,,,,,
220,Saint Helena,2,, ,,2,,0,,328,,,,"6,092 ",Africa,"3,046",,,,,,,,
221,Micronesia,1,, ,,1,,0,,9,,,,"116,024 ",Australia/Oceania,"116,024",,,,,,,,
222,China,"90,686",+15,"4,636 ",,"85,725",+15,325,4,63,3,"160,000,000","111,163","1,439,323,776 ",Asia,"15,872310,4679",0.01,,0.2,,,,,
,Total:,"38,394,707","+3,861","863,382",+298,"30,112,705","+2,470","7,418,620","17,284",,,,,,North America, ,,,,,,,,
,Total:,"40,034,753","+21,189","526,173",+211,"34,302,899","+22,613","5,205,681","33,739",,,,,,Asia, ,,,,,,,,
,Total:,"25,022,606",+933,"676,758",+34,"22,593,991","+1,116","1,751,857","27,842",,,,,,South America, ,,,,,,,,
,Total:,"44,708,805","+8,299","1,016,932",+188,"39,574,558","+24,953","4,117,315","29,461",,,,,,Europe, ,,,,,,,,
,Total:,"4,605,195",,"122,387",,"4,133,630",,"349,178","3,690",,,,,,Africa, ,,,,,,,,
,Total:,"63,033",+12,"1,202",,"59,284",,"2,547",5,,,,,,Australia/Oceania, ,,,,,,,,
,Total:,721,,15,,706,,0,0,,,,,,, ,,,,,,,,
,Total:,"152,829,820","+34,294","3,206,849",+731,"130,777,773","+51,174","18,845,198","112,021","19,606.6",411.4,,,,All,,,,,,,,,
#,"Country,Other",TotalCases,NewCases,TotalDeaths,NewDeaths,TotalRecovered,NewRecovered,ActiveCases,"Serious,Critical",Tot Cases/1M pop,Deaths/1M pop,TotalTests,Tests/,1M pop,,Population,Continent,1 Caseevery X ppl1 Deathevery X ppl1 Testevery X ppl,New Cases/1M pop,New Deaths/1M pop,Active Cases/1M pop,,,
,,Asia,,"40,013,564","+498,424","525,962","+5,205","34,280,286","+470,737","5,207,316","33,659",,,,,,Asia,,,,,,,
,,North America,,"38,390,846","+57,502","863,084","+1,226","30,110,235","+82,044","7,417,527","17,284",,,,,,North America,,,,,,,
,,South America,,"25,021,673","+116,900","676,724","+3,702","22,592,875","+101,164","1,752,074","27,842",,,,,,South America,,,,,,,
,,Europe,,"44,700,506","+115,169","1,016,744","+2,458","39,549,605","+175,562","4,134,157","29,460",,,,,,Europe,,,,,,,
,,Africa,,"4,605,195","+7,849","122,387",+284,"4,133,612","+11,329","349,196","3,690",,,,,,Africa,,,,,,,
,,Oceania,,"63,021",+95,"1,202",+8,"59,280",+380,"2,539",5,,,,,,Australia/Oceania,,,,,,,
,,,,721,,15,,706,,0,0,,,,,,,,,,,,,
,World,"152,795,526","+795,939","3,206,118","+12,883","130,726,599","+841,216","18,862,809","111,940","19,602",411.3,,,,All,,,,,,,,,
1,China,"90,671",+16,"4,636 ",,"85,710",+19,325,3,63,3,"160,000,000","111,163","1,439,323,776 ",Asia,"15,874310,4679",0.01,,0.2,,,,,
2,USA,"33,146,008","+42,034","590,704 ",+661,"25,777,927","+67,785","6,777,377","9,543","99,652","1,776","447,732,682","1,346,092","332,616,743 ",North America,105631,126,2,"20,376",,,,,
3,India,"19,549,656","+392,562","215,523 ","+3,688","15,981,772","+308,769","3,352,361","8,944","14,052",155,"288,337,385","207,247","1,391,271,798 ",Asia,"716,4555",282,3,"2,410",,,,,
4,Brazil,"14,725,975","+60,013","406,565 ","+2,278","13,242,665","+48,127","1,076,745","8,318","68,872","1,901","43,818,216","204,935","213,815,388 ",South America,155265,281,11,"5,036",,,,,
5,France,"5,642,359","+25,670","104,706 ",+192,"4,590,568","+50,383","947,085","5,581","86,283","1,601","76,301,950","1,166,808","65,393,762 ",Europe,126251,393,3,"14,483",,,,,
6,Turkey,"4,849,408","+28,817","40,504 ",+373,"4,405,199","+81,302","403,705","3,525","56,990",476,"47,504,193","558,265","85,092,490 ",Asia,"182,1012",339,4,"4,744",,,,,
7,Russia,"4,814,558","+9,270","110,520 ",+392,"4,436,583","+8,637","267,455","2,300","32,979",757,"129,500,000","887,068","145,986,588 ",Europe,"301,3211",63,3,"1,832",,,,,
8,UK,"4,418,530","+1,907","127,524 ",+7,"4,218,172","+3,381","72,834",185,"64,804","1,870","156,302,824","2,292,415","68,182,618 ",Europe,155350,28,0.1,"1,068",,,,,
9,Italy,"4,035,617","+12,965","121,033 ",+226,"3,484,042","+18,366","430,542","2,522","66,828","2,004","58,957,954","976,323","60,387,724 ",Europe,154991,215,4,"7,130",,,,,
10,Spain,"3,524,077",,"78,216 ",,"3,206,273",,"239,588","2,308","75,349","1,672","46,199,597","987,807","46,769,864 ",Europe,135981,,,"5,123",,,,,
11,Germany,"3,412,373","+20,141","83,702 ",+160,"3,012,100","+16,900","316,571","5,049","40,620",996,"55,490,413","660,546","84,006,917 ",Europe,"251,0042",240,2,"3,768",,,,,
12,Argentina,"2,993,865","+16,502","64,096 ",+231,"2,655,359","+21,053","274,410","5,370","65,741","1,407","11,209,847","246,152","45,540,268 ",South America,157114,362,5,"6,026",,,,,
13,Colombia,"2,877,746","+18,022","74,215 ",+495,"2,686,399","+17,091","117,132","6,006","56,060","1,446","14,888,382","290,034","51,333,154 ",South America,186923,351,10,"2,282",,,,,
14,Poland,"2,798,617","+6,469","67,924 ",+423,"2,510,858","+14,048","219,835","2,723","74,014","1,796","14,321,250","378,748","37,812,066 ",Europe,145573,171,11,"5,814",,,,,
15,Iran,"2,516,157","+17,080","72,090 ",+332,"1,971,064","+16,743","473,003","5,421","29,642",849,"15,961,178","188,033","84,884,809 ",Asia,"341,1775",201,4,"5,572",,,,,
16,Mexico,"2,344,755","+3,821","216,907 ",+460,"1,864,914","+3,053","262,934","4,798","18,029","1,668","6,632,938","51,000","130,057,448 ",North America,5560020,29,4,"2,022",,,,,
17,Ukraine,"2,078,086","+8,549","44,436 ",+351,"1,670,481","+14,956","363,169",177,"47,756","1,021","9,456,234","217,312","43,514,481 ",Europe,219795,196,8,"8,346",,,,,
18,Peru,"1,804,915","+5,470","61,789 ",+312,"1,688,091",,"55,035","2,667","54,116","1,853","11,225,924","336,582","33,352,726 ",South America,185403,164,9,"1,650",,,,,
19,Indonesia,"1,672,880","+4,512","45,652 ",+131,"1,526,978","+4,344","100,250",,"6,063",165,"14,703,659","53,289","275,924,964 ",Asia,"1656,04419",16,0.5,363,,,,,
20,Czechia,"1,632,932","+2,161","29,316 ",+16,"1,555,152",+150,"48,464",527,"152,247","2,733","18,347,631","1,710,651","10,725,523 ",Europe,73661,201,1,"4,519",,,,,
21,South Africa,"1,582,842","+1,632","54,406 ",+56,"1,506,732","+1,112","21,704",546,"26,412",908,"10,682,827","178,258","59,929,069 ",Africa,"381,1026",27,0.9,362,,,,,
22,Netherlands,"1,502,107","+5,755","17,169 ",+21,"1,263,295","+7,805","221,643",792,"87,503","1,000","12,274,847","715,049","17,166,437 ",Europe,"111,0001",335,1,"12,911",,,,,
23,Canada,"1,227,035","+7,610","24,261 ",+42,"1,119,279","+7,392","83,495","1,422","32,276",638,"31,629,802","831,989","38,017,069 ",North America,"311,5671",200,1,"2,196",,,,,
24,Chile,"1,204,755","+6,510","26,457 ",+104,"1,136,816","+7,469","41,482","3,336","62,576","1,374","13,115,985","681,260","19,252,532 ",South America,167281,338,5,"2,155",,,,,
25,Iraq,"1,070,366","+5,167","15,498 ",+33,"949,341","+7,295","105,527",571,"26,127",378,"9,376,388","228,868","40,968,539 ",Asia,"382,6434",126,0.8,"2,576",,,,,
26,Romania,"1,056,572","+1,307","28,194 ",+85,"992,605","+3,212","35,773","1,277","55,230","1,474","8,273,925","432,498","19,130,567 ",Europe,186792,68,4,"1,870",,,,,
27,Philippines,"1,046,653","+9,226","17,354 ",+120,"957,051","+10,809","72,248",750,"9,447",157,"11,854,425","106,998","110,790,799 ",Asia,"1066,3849",83,1,652,,,,,
28,Belgium,"990,229","+3,607","24,230 ",+45,"858,268","+9,472","107,731",854,"85,133","2,083","12,529,895","1,077,230","11,631,588 ",Europe,124801,310,4,"9,262",,,,,
29,Sweden,"973,604",,"14,048 ",,"799,117",,"160,439",392,"95,906","1,384","8,482,276","835,558","10,151,626 ",Europe,107231,,,"15,804",,,,,
30,Israel,"838,481",,"6,363 ",,"830,625",,"1,493",110,"91,163",692,"14,200,104","1,543,894","9,197,590 ",Asia,"111,4451",,,162,,,,,
31,Portugal,"836,947",+454,"16,976 ",+2,"796,477",+639,"23,494",84,"82,280","1,669","10,515,374","1,033,765","10,171,918 ",Europe,125991,45,0.2,"2,310",,,,,
32,Pakistan,"825,519","+4,696","17,957 ",+146,"717,009","+5,544","90,553","5,490","3,678",80,"11,836,866","52,739","224,441,715 ",Asia,"27212,49919",21,0.7,403,,,,,
33,Hungary,"781,299","+1,951","27,701 ",+161,"517,026","+6,647","236,572",621,"81,048","2,874","5,394,652","559,617","9,639,899 ",Europe,123482,202,17,"24,541",,,,,
34,Bangladesh,"760,584","+1,452","11,510 ",+60,"684,671","+3,245","64,403",996,"4,580",69,"5,484,821","33,031","166,051,909 ",Asia,"21814,42730",9,0.4,388,,,,,
35,Jordan,"712,077",+704,"8,871 ",+35,"685,010","+2,507","18,196",729,"69,219",862,"6,714,356","652,687","10,287,249 ",Asia,"141,1602",68,3,"1,769",,,,,
36,Serbia,"690,931","+1,374","6,386 ",+24,"638,811","+2,940","45,734",160,"79,344",733,"3,847,549","441,840","8,708,015 ",Europe,"131,3642",158,3,"5,252",,,,,
37,Switzerland,"659,974",,"10,633 ",+1,"590,565",,"58,776",238,"75,796","1,221","6,911,371","793,751","8,707,229 ",Europe,138191,,0.1,"6,750",,,,,
38,Austria,"620,485","+1,615","10,233 ",+28,"587,115","+2,338","23,137",484,"68,568","1,131","32,228,406","3,561,491","9,049,134 ",Europe,158840,178,3,"2,557",,,,,
39,Japan,"591,602","+4,664","10,229 ",+35,"523,227","+4,180","58,146","1,020","4,690",81,"11,897,791","94,312","126,153,600 ",Asia,"21312,33311",37,0.3,461,,,,,
40,Lebanon,"527,508",+930,"7,302 ",+24,"464,660","+3,538","55,546",582,"77,575","1,074","4,011,613","589,948","6,799,947 ",Asia,139312,137,4,"8,169",,,,,
41,UAE,"521,948","+1,712","1,591 ",+4,"502,460","+1,681","17,897",,"52,249",159,"44,311,796","4,435,810","9,989,561 ",Asia,"196,2790",171,0.4,"1,792",,,,,
42,Morocco,"511,562",+313,"9,026 ",+3,"498,131",+510,"4,405",207,"13,725",242,"6,270,195","168,221","37,273,622 ",Africa,"734,1306",8,0.08,118,,,,,
43,Saudi Arabia,"418,411","+1,048","6,968 ",+11,"401,544",+964,"9,899","1,333","11,865",198,"16,969,267","481,218","35,263,191 ",Asia,"845,0612",30,0.3,281,,,,,
44,Malaysia,"411,594","+2,881","1,521 ",+15,"380,442","+2,462","29,631",337,"12,583",46,"9,482,220","289,887","32,710,014 ",Asia,"7921,5063",88,0.5,906,,,,,
45,Bulgaria,"404,846",+466,"16,444 ",+45,"339,889",+355,"48,513",670,"58,633","2,382","2,525,448","365,754","6,904,772 ",Europe,174203,67,7,"7,026",,,,,
46,Ecuador,"384,589","+2,727","18,724 ",+93,"318,598",,"47,267",623,"21,527","1,048","1,291,070","72,268","17,865,111 ",South America,4695414,153,5,"2,646",,,,,
47,Slovakia,"382,720",+509,"11,732 ",+48,"363,652",+713,"7,336",310,"70,072","2,148","2,629,250","481,385","5,461,845 ",Europe,144662,93,9,"1,343",,,,,
48,Panama,"364,844",+268,"6,235 ",+3,"354,713",+328,"3,896",105,"83,468","1,426","2,402,739","549,693","4,371,053 ",North America,127012,61,0.7,891,,,,,
49,Belarus,"359,982","+1,244","2,552 ",+10,"350,433","+1,420","6,997",,"38,107",270,"5,868,221","621,191","9,446,733 ",Europe,"263,7022",132,1,741,,,,,
50,Greece,"346,422","+1,389","10,453 ",+72,"306,498","+3,296","29,471",811,"33,372","1,007","8,165,612","786,624","10,380,577 ",Europe,309931,134,7,"2,839",,,,,
51,Croatia,"334,229","+2,046","7,130 ",+49,"312,823","+2,228","14,276",246,"81,836","1,746","1,814,505","444,281","4,084,137 ",Europe,125732,501,12,"3,495",,,,,
52,Nepal,"328,893","+5,706","3,298 ",+19,"282,382","+1,287","43,213",,"11,122",112,"2,488,359","84,149","29,570,715 ",Asia,"908,96612",193,0.6,"1,461",,,,,
53,Kazakhstan,"322,695","+2,877","3,699 ",+31,"276,977","+3,062","42,019",221,"17,017",195,"10,190,393","537,381","18,963,084 ",Asia,"595,1272",152,2,"2,216",,,,,
54,Azerbaijan,"320,322","+1,213","4,538 ",+21,"291,564","+2,104","24,220",,"31,358",444,"3,253,878","318,536","10,215,094 ",Asia,"322,2513",119,2,"2,371",,,,,
55,Georgia,"311,457","+1,147","4,130 ",+20,"291,457",+690,"15,870",,"78,201","1,037","4,204,446","1,055,655","3,982,784 ",Asia,139641,288,5,"3,985",,,,,
56,Tunisia,"310,734","+1,615","10,808 ",+86,"261,552","+1,595","38,374",518,"26,065",907,"1,319,328","110,670","11,921,296 ",Africa,"381,1039",135,7,"3,219",,,,,
57,Bolivia,"305,594","+1,862","12,975 ",+24,"251,664","+1,284","40,955",71,"25,887","1,099","1,172,611","99,331","11,805,074 ",South America,3991010,158,2,"3,469",,,,,
58,Palestine,"296,462",,"3,249 ",,"272,333",,"20,880",147,"57,018",625,"1,741,234","334,891","5,199,404 ",Asia,"181,6003",,,"4,016",,,,,
59,Paraguay,"281,023","+1,946","6,476 ",+91,"231,517","+1,998","43,030",512,"39,003",899,"1,102,980","153,080","7,205,234 ",South America,"261,1137",270,13,"5,972",,,,,
60,Kuwait,"275,270","+1,279","1,569 ",+6,"258,599","+1,338","15,102",220,"63,677",363,"2,334,897","540,119","4,322,927 ",Asia,"162,7552",296,1,"3,493",,,,,
61,Dominican Republic,"266,861",+300,"3,487 ",+7,"227,267",+875,"36,107",196,"24,397",319,"1,406,420","128,578","10,938,244 ",North America,"413,1378",27,0.6,"3,301",,,,,
62,Ethiopia,"258,062",+620,"3,709 ",+21,"200,148","+1,286","54,205",912,"2,200",32,"2,584,305","22,029","117,315,204 ",Africa,"45531,63045",5,0.2,462,,,,,
63,Denmark,"252,045",+617,"2,489 ",+4,"239,913",+705,"9,643",37,"43,387",428,"38,325,742","6,597,448","5,809,177 ",Europe,"232,3340",106,0.7,"1,660",,,,,
64,Moldova,"251,160",+323,"5,826 ",+14,"240,393",+479,"4,941",207,"62,382","1,447","993,704","246,813","4,026,147 ",Europe,166914,80,3,"1,227",,,,,
65,Costa Rica,"250,991",,"3,231 ",,"203,009",,"44,751",380,"48,900",629,"974,477","189,854","5,132,758 ",North America,"201,5895",,,"8,719",,,,,
66,Ireland,"249,437",+567,"4,906 ",+3,"231,697",+742,"12,834",41,"50,052",984,"4,512,912","905,558","4,983,570 ",Europe,"201,0161",114,0.6,"2,575",,,,,
67,Lithuania,"248,655","+1,335","3,937 ",+10,"224,649","+2,213","20,069",223,"92,419","1,463","2,814,398","1,046,043","2,690,519 ",Europe,116831,496,4,"7,459",,,,,
68,Slovenia,"241,309","+1,017","4,258 ",+8,"227,411",+764,"9,640",154,"116,060","2,048","1,178,789","566,950","2,079,176 ",Europe,94882,489,4,"4,636",,,,,
69,Egypt,"228,584","+1,032","13,402 ",+63,"171,542",+769,"43,640",90,"2,199",129,"2,715,258","26,125","103,931,972 ",Africa,"4557,75538",10,0.6,420,,,,,
70,Guatemala,"228,477",+806,"7,543 ",+19,"204,141","+1,298","16,793",5,"12,561",415,"1,264,544","69,519","18,189,912 ",North America,"802,41114",44,1,923,,,,,
71,Armenia,"216,596",+532,"4,128 ",+20,"199,115",+980,"13,353",,"72,981","1,391","988,086","332,929","2,967,855 ",Asia,147193,179,7,"4,499",,,,,
72,Honduras,"212,333","+1,257","5,281 ",+20,"78,623",+106,"128,429",566,"21,159",526,"625,884","62,369","10,035,141 ",North America,"471,90016",125,2,"12,798",,,,,
73,Qatar,"206,302",+650,465 ,+7,"191,071","+1,527","14,766",364,"73,474",166,"1,908,717","679,790","2,807,805 ",Asia,"146,0381",231,2,"5,259",,,,,
74,Uruguay,"200,908","+2,480","2,669 ",+53,"170,750","+2,927","27,489",559,"57,670",766,"1,814,302","520,790","3,483,749 ",South America,"171,3052",712,15,"7,891",,,,,
75,Venezuela,"198,865","+1,182","2,155 ",+19,"180,301","+1,101","16,409",317,"7,010",76,"3,359,014","118,405","28,368,759 ",South America,"14313,1648",42,0.7,578,,,,,
76,Bosnia and Herzegovina,"198,461",,"8,551 ",,"159,223",,"30,687",,"60,807","2,620","907,054","277,915","3,263,787 ",Europe,163824,,,"9,402",,,,,
77,Oman,"193,253",,"2,010 ",,"173,123",,"18,120",275,"37,065",386,"1,550,000","297,285","5,213,849 ",Asia,"272,5943",,,"3,475",,,,,
78,Bahrain,"177,997","+1,063",648 ,+2,"166,851",+923,"10,498",89,"101,699",370,"4,108,476","2,347,399","1,750,225 ",Asia,"102,7010",607,1,"5,998",,,,,
79,Libya,"177,508",,"3,029 ",,"163,191",,"11,288",,"25,545",436,"958,768","137,976","6,948,783 ",Africa,"392,2947",,,"1,624",,,,,
80,Nigeria,"165,110",,"2,063 ",,"155,101",,"7,946",11,785,10,"1,912,628","9,092","210,358,766 ",Africa,"1,274101,967110",,,38,,,,,
81,Kenya,"160,053",+735,"2,744 ",+20,"108,789",+224,"48,520",188,"2,923",50,"1,675,310","30,599","54,750,456 ",Africa,"34219,95333",13,0.4,886,,,,,
82,North Macedonia,"152,581",+214,"4,891 ",+36,"133,070",+305,"14,620",124,"73,240","2,348","723,722","347,392","2,083,303 ",Europe,144263,103,17,"7,018",,,,,
83,Myanmar,"142,831",+14,"3,209 ",,"131,972",+6,"7,650",,"2,611",59,"2,577,903","47,117","54,713,038 ",Asia,"38317,05021",0.3,,140,,,,,
84,Albania,"131,185",+100,"2,396 ",+2,"110,172",+834,"18,617",18,"45,627",833,"636,651","221,430","2,875,178 ",Europe,"221,2005",35,0.7,"6,475",,,,,
85,S. Korea,"122,634",+627,"1,831 ",+3,"112,337",+915,"8,466",174,"2,390",36,"8,883,388","173,145","51,305,935 ",Asia,"41828,0216",12,0.06,165,,,,,
86,Estonia,"122,450",+408,"1,166 ",+5,"112,007",+733,"9,277",57,"92,256",878,"1,288,985","971,149","1,327,278 ",Europe,"111,1381",307,4,"6,989",,,,,
87,Algeria,"122,311",+203,"3,261 ",+8,"85,249",+141,"33,801",28,"2,748",73,"230,861","5,187","44,506,651 ",Africa,"36413,648193",5,0.2,759,,,,,
88,Latvia,"119,370",+812,"2,139 ",+8,"108,949","+1,248","8,282",84,"63,876","1,145","2,305,084","1,233,477","1,868,770 ",Europe,168741,435,4,"4,432",,,,,
89,Norway,"113,259",+289,756 ,,"88,952",,"23,551",34,"20,757",139,"5,212,177","955,229","5,456,469 ",Europe,"487,2181",53,,"4,316",,,,,
90,Sri Lanka,"109,862","+1,716",687 ,+9,"96,478",+503,"12,697",,"5,113",32,"2,733,805","127,225","21,487,952 ",Asia,"19631,2788",80,0.4,591,,,,,
91,Cuba,"107,622",+915,654 ,+10,"101,475",+872,"5,493",73,"9,507",58,"3,654,854","322,843","11,320,855 ",North America,"10517,3103",81,0.9,485,,,,,
92,Montenegro,"97,517",+128,"1,502 ",+7,"93,701",+170,"2,314",69,"155,249","2,391","376,905","600,041","628,132 ",Europe,64182,204,11,"3,684",,,,,
93,Kyrgyzstan,"95,752",+477,"1,612 ",+8,"89,461",+270,"4,679",72,"14,479",244,"993,406","150,212","6,613,368 ",Asia,"694,1037",72,1,708,,,,,
94,Ghana,"92,601",+39,779 ,,"90,248",+52,"1,574",7,"2,930",25,"1,081,113","34,202","31,609,384 ",Africa,"34140,57729",1,,50,,,,,
95,Zambia,"91,670",+84,"1,251 ",,"90,012",+79,407,45,"4,874",67,"1,406,735","74,792","18,808,586 ",Africa,"20515,03513",4,,22,,,,,
96,Uzbekistan,"91,250",+442,650 ,+1,"87,313",+246,"3,287",23,"2,694",19,"1,377,915","40,681","33,871,350 ",Asia,"37152,11025",13,0.03,97,,,,,
97,Finland,"87,096",+288,914 ,,"46,000",,"40,182",31,"15,699",165,"4,484,272","808,285","5,547,888 ",Europe,"646,0701",52,,"7,243",,,,,
98,Cameroon,"72,250",,"1,107 ",,"67,625","+3,053","3,518",385,"2,667",41,"1,257,949","46,433","27,091,519 ",Africa,"37524,47322",,,130,,,,,
99,Mozambique,"69,965",+48,814 ,,"66,883",+970,"2,268",43,"2,188",25,"520,205","16,268","31,977,645 ",Africa,"45739,28561",2,,71,,,,,
100,El Salvador,"69,198",,"2,124 ",,"64,876",,"2,198",31,"10,624",326,"914,674","140,429","6,513,428 ",North America,"943,0677",,,337,,,,,
101,Luxembourg,"67,397",+192,797 ,+1,"63,661",,"2,939",34,"106,235","1,256","2,673,110","4,213,497","634,416 ",Europe,97960,303,2,"4,633",,,,,
102,Thailand,"67,044","+1,891",224 ,+21,"38,075","+1,821","28,745",829,959,3,"8,124,896","116,160","69,945,784 ",Asia,"1,043312,2589",27,0.3,411,,,,,
103,Cyprus,"65,909",+676,312 ,+4,"39,061",,"26,536",75,"54,261",257,"4,898,791","4,033,042","1,214,664 ",Asia,"183,8930",557,3,"21,846",,,,,
104,Singapore,"61,179",+34,31 ,+1,"60,765",+14,383,,"10,389",5,"9,536,636","1,619,514","5,888,578 ",Asia,"96189,9541",6,0.2,65,,,,,
105,Afghanistan,"60,122",+180,"2,637 ",+6,"53,272",+66,"4,213","1,124","1,516",67,"404,894","10,211","39,652,974 ",Asia,"66015,03798",5,0.2,106,,,,,
106,Namibia,"48,654",+303,643 ,+1,"46,238",+217,"1,773",37,"18,865",249,"388,574","150,668","2,579,003 ",Africa,"534,0117",117,0.4,687,,,,,
107,Botswana,"46,934",,712 ,,"44,960",,"1,262",1,"19,630",298,"999,041","417,850","2,390,908 ",Africa,"513,3582",,,528,,,,,
108,Ivory Coast,"46,114",+78,286 ,,"45,582",+56,246,,"1,713",11,"594,288","22,078","26,917,693 ",Africa,"58494,11845",3,,9,,,,,
109,Jamaica,"45,777",+199,779 ,+1,"21,153",+94,"23,845",22,"15,403",262,"332,706","111,950","2,971,920 ",North America,"653,8159",67,0.3,"8,023",,,,,
110,Uganda,"41,905",+39,342 ,,"41,422",,141,24,893,7,"1,017,854","21,688","46,930,713 ",Africa,"1,120137,22446",0.8,,3,,,,,
111,Senegal,"40,388",+44,"1,109 ",+2,"39,110",+27,169,11,"2,361",65,"481,020","28,117","17,108,079 ",Africa,"42415,42736",3,0.1,10,,,,,
112,Zimbabwe,"38,260",+3,"1,568 ",+1,"35,620",+8,"1,072",12,"2,543",104,"417,583","27,761","15,042,299 ",Africa,"3939,59336",0.2,0.07,71,,,,,
113,Madagascar,"37,296",+282,654 ,+11,"32,111",+541,"4,531",396,"1,319",23,"184,336","6,519","28,278,674 ",Africa,"75843,240153",10,0.4,160,,,,,
114,Mongolia,"37,285","+1,306",115 ,+5,"20,681","+1,039","16,489",119,"11,224",35,"2,710,815","816,011","3,322,033 ",Asia,"8928,8871",393,2,"4,964",,,,,
115,Malawi,"34,095",+17,"1,148 ",,"32,064",+13,883,12,"1,745",59,"233,149","11,933","19,537,996 ",Africa,"57317,01984",0.9,,45,,,,,
116,Sudan,"33,104",,"2,349 ",,"26,795",,"3,960",,741,53,"232,965","5,212","44,695,198 ",Africa,"1,35019,027192",,,89,,,,,
117,Malta,"30,307",+15,415 ,+2,"29,622",+74,270,,"68,487",938,"869,063","1,963,887","442,522 ",Europe,"151,0661",34,5,610,,,,,
118,Maldives,"30,237",+402,73 ,,"24,934",+159,"5,230",90,"55,134",133,"729,127","1,329,485","548,428 ",Asia,"187,5131",733,,"9,536",,,,,
119,DRC,"29,904",+51,768 ,+2,"26,250",+31,"2,886",,326,8,"149,376","1,627","91,804,946 ",Africa,"3,070119,538615",0.6,0.02,31,,,,,
120,Australia,"29,812",+11,910 ,,"28,617",+18,285,1,"1,158",35,"16,884,420","655,822","25,745,436 ",Australia/Oceania,"86428,2922",0.4,,11,,,,,
121,Angola,"26,815",+163,600 ,+4,"23,913",+37,"2,302",10,795,18,"498,853","14,799","33,708,433 ",Africa,"1,25756,18168",5,0.1,68,,,,,
122,Rwanda,"25,225",+109,335 ,,"23,345",+111,"1,545",2,"1,908",25,"1,316,968","99,639","13,217,357 ",Africa,"52439,45510",8,,117,,,,,
123,Cabo Verde,"24,127",+245,220 ,+3,"20,711",+146,"3,196",23,"43,007",392,"151,483","270,023","561,000 ",Africa,"232,5504",437,5,"5,697",,,,,
124,Gabon,"23,075",,139 ,,"19,629",,"3,307",19,"10,169",61,"731,109","322,199","2,269,124 ",Africa,"9816,3253",,,"1,457",,,,,
125,Syria,"22,818",+85,"1,598 ",+6,"16,992",+171,"4,228",,"1,278",90,"103,566","5,801","17,851,800 ",Asia,"78211,171172",5,0.3,237,,,,,
126,Guinea,"22,247",+32,144 ,,"19,685",+15,"2,418",24,"1,657",11,"433,166","32,262","13,426,693 ",Africa,"60493,24131",2,,180,,,,,
127,Réunion,"20,381",,148 ,,"18,659",,"1,574",36,"22,630",164,"101,244","112,416","900,623 ",Africa,"446,0859",,,"1,748",,,,,
128,Mayotte,"20,094",,170 ,,"2,964",,"16,960",3,"72,215",611,"171,277","615,546","278,252 ",Africa,"141,6372",,,"60,952",,,,,
129,French Guiana,"19,543",,101 ,,"9,995",,"9,447",20,"64,060",331,"216,365","709,226","305,072 ",South America,"163,0211",,,"30,966",,,,,
130,French Polynesia,"18,758",,141 ,,"18,597",,20,3,"66,457",500,"26,355","93,372","282,258 ",Australia/Oceania,"152,00211",,,71,,,,,
131,Eswatini,"18,458",,671 ,,"17,748",+5,39,3,"15,774",573,"187,111","159,905","1,170,138 ",Africa,"631,7446",,,33,,,,,
132,Mauritania,"18,429",+27,455 ,,"17,707",+20,267,14,"3,879",96,"234,909","49,449","4,750,525 ",Africa,"25810,44120",6,,56,,,,,
133,Guadeloupe,"14,555",,198 ,,"2,242",,"12,115",18,"36,371",495,"180,000","449,796","400,181 ",North America,"272,0212",,,"30,274",,,,,
134,Somalia,"13,915",,713 ,,"5,847",,"7,355",,856,44,"111,801","6,876","16,258,940 ",Africa,"1,16822,804145",,,452,,,,,
135,Mali,"13,896",+38,485 ,+1,"8,685",+125,"4,726",,670,23,"255,738","12,336","20,731,747 ",Africa,"1,49242,74681",2,0.05,228,,,,,
136,Cambodia,"13,790",+388,97 ,+4,"5,200",+48,"8,493",,815,6,"914,398","54,072","16,910,843 ",Asia,"1,226174,33918",23,0.2,502,,,,,
137,Guyana,"13,404",+121,298 ,+2,"11,299",+91,"1,807",17,"16,973",377,"123,880","156,868","789,709 ",South America,"592,6506",153,3,"2,288",,,,,
138,Burkina Faso,"13,319",+9,157 ,,"13,053",+10,109,,623,7,"179,998","8,421","21,376,120 ",Africa,"1,605136,154119",0.4,,5,,,,,
139,Tajikistan,"13,308",,90 ,,"13,218",,0,,"1,370",9,,,"9,714,711 ",Asia,"730107,941",,,,,,,,
140,Andorra,"13,232",,125 ,,"12,684",,423,18,"171,027","1,616","193,595","2,502,262","77,368 ",Europe,66190,,,"5,467",,,,,
141,Haiti,"13,094",,254 ,,"12,148",,692,,"1,137",22,"60,085","5,217","11,517,868 ",North America,"88045,346192",,,60,,,,,
142,Togo,"12,992",+25,123 ,,"11,249",+109,"1,620",,"1,540",15,"311,597","36,923","8,439,039 ",Africa,"65068,61027",3,,192,,,,,
143,Belize,"12,668",,323 ,,"12,218",,127,1,"31,387",800,"117,641","291,476","403,604 ",North America,"321,2503",,,315,,,,,
144,Curaçao,"12,207",+12,110 ,+1,"11,665",+53,432,22,"74,139",668,"95,244","578,460","164,651 ",North America,"131,4972",73,6,"2,624",,,,,
145,Hong Kong,"11,783",+8,210 ,+1,"11,432",+16,141,3,"1,561",28,"11,193,673","1,483,092","7,547,522 ",Asia,"64135,9411",1,0.1,19,,,,,
146,Martinique,"11,253",,75 ,,98,,"11,080",33,"30,006",200,"157,145","419,028","375,023 ",North America,"335,0002",,,"29,545",,,,,
147,Djibouti,"11,121",+21,145 ,+2,"10,748",+40,228,,"11,122",145,"149,630","149,643","999,911 ",Africa,"906,8967",21,2,228,,,,,
148,Papua New Guinea,"11,119",+82,115 ,+8,"9,302",+359,"1,702",,"1,224",13,"93,283","10,265","9,087,299 ",Australia/Oceania,"81779,02097",9,0.9,187,,,,,
149,Trinidad and Tobago,"11,072",+248,171 ,+2,"8,546",+65,"2,355",8,"7,890",122,"131,927","94,015","1,403,260 ",North America,"1278,20611",177,1,"1,678",,,,,
150,Lesotho,"10,731",,316 ,,"6,267",,"4,148",,"4,976",147,"79,490","36,863","2,156,361 ",Africa,"2016,82427",,,"1,924",,,,,
151,Congo,"10,678",,144 ,,"8,208",,"2,326",,"1,897",26,"92,500","16,429","5,630,256 ",Africa,"52739,09961",,,413,,,,,
152,Aruba,"10,650",+12,99 ,,"10,402",+34,149,14,"99,400",924,"148,931","1,390,021","107,143 ",North America,"101,0821",112,,"1,391",,,,,
153,South Sudan,"10,583",,115 ,,"10,312",,156,,936,10,"151,582","13,411","11,302,639 ",Africa,"1,06898,28475",,,14,,,,,
154,Bahamas,"10,453",,199 ,,"9,494",,760,4,"26,372",502,"86,984","219,454","396,365 ",North America,"381,9925",,,"1,917",,,,,
155,Suriname,"10,428",+65,204 ,,"9,359",+23,865,26,"17,645",345,"51,013","86,317","590,998 ",South America,"572,89712",110,,"1,464",,,,,
156,Benin,"7,821",,99 ,,"7,580",,142,35,631,8,"590,214","47,654","12,385,279 ",Africa,"1,584125,10421",,,11,,,,,
157,Equatorial Guinea,"7,694",,112 ,,"7,279",,303,7,"5,340",78,"123,169","85,479","1,440,927 ",Africa,"18712,86512",,,210,,,,,
158,Nicaragua,"6,898",,182 ,,"4,225",,"2,491",,"1,031",27,,,"6,689,960 ",North America,"97036,758",,,372,,,,,
159,Iceland,"6,472",,29 ,,"6,253",,190,4,"18,864",85,"600,005","1,748,857","343,084 ",Europe,"5311,8301",,,554,,,,,
160,CAR,"6,411",,88 ,,"5,112",,"1,211",2,"1,309",18,"40,907","8,350","4,899,311 ",Africa,"76455,674120",,,247,,,,,
161,Yemen,"6,325",+8,"1,229 ",+3,"2,794",+43,"2,302",23,208,40,"24,923",821,"30,369,014 ",Asia,"4,80124,7101,219",0.3,0.10,76,,,,,
162,Gambia,"5,898",,174 ,,"5,357",,367,3,"2,385",70,"71,116","28,761","2,472,661 ",Africa,"41914,21135",,,148,,,,,
163,Seychelles,"5,873",,28 ,,"5,101",,744,,"59,411",283,"21,504","217,535","98,853 ",Africa,"173,5305",,,"7,526",,,,,
164,Niger,"5,229",+1,191 ,,"4,855",+4,183,18,210,8,"99,176","3,979","24,926,972 ",Africa,"4,767130,508251",0.04,,7,,,,,
165,San Marino,"5,066",,90 ,,"4,917",,59,4,"149,044","2,648","61,499","1,809,326","33,990 ",Europe,73781,,,"1,736",,,,,
166,Chad,"4,824",+7,170 ,,"4,430",+7,224,,287,10,"114,046","6,783","16,814,496 ",Africa,"3,48698,909147",0.4,,13,,,,,
167,Saint Lucia,"4,560",+8,74 ,,"4,368",+5,118,2,"24,739",401,"40,466","219,536","184,325 ",North America,"402,4915",43,,640,,,,,
168,Gibraltar,"4,283",,94 ,,"4,186",+1,3,1,"127,156","2,791","234,751","6,969,421","33,683 ",Europe,83580,,,89,,,,,
169,Sierra Leone,"4,057",+3,79 ,,"3,076",,902,,500,10,"152,747","18,832","8,111,176 ",Africa,"1,999102,67353",0.4,,111,,,,,
170,Channel Islands,"4,055",,86 ,,"3,956",,13,1,"23,146",491,"454,413","2,593,770","175,194 ",Europe,"432,0370",,,74,,,,,
171,Burundi,"4,018",+23,6 ,,773,,"3,239",,330,0.5,"90,019","7,389","12,182,658 ",Africa,"3,0322,030,443135",2,,266,,,,,
172,Barbados,"3,863",+8,44 ,,"3,783",+15,36,,"13,429",153,"153,836","534,769","287,668 ",North America,"746,5382",28,,125,,,,,
173,Comoros,"3,838",+4,146 ,,"3,674",,18,,"4,337",165,,,"884,919 ",Africa,"2316,061",5,,20,,,,,
174,Guinea-Bissau,"3,736",+2,67 ,,"3,327",+12,342,9,"1,862",33,"63,774","31,785","2,006,429 ",Africa,"53729,94731",1.0,,170,,,,,
175,Eritrea,"3,671",,10 ,,"3,492",,169,,"1,023",3,"23,693","6,605","3,587,124 ",Africa,"977358,712151",,,47,,,,,
176,Vietnam,"2,942",+14,35 ,,"2,548",+32,359,,30,0.4,"2,598,753","26,500","98,066,119 ",Asia,"33,3332,801,88938",0.1,,4,,,,,
177,Liechtenstein,"2,936",+10,57 ,,"2,792",,87,6,"76,820","1,491","39,109","1,023,287","38,219 ",Europe,136711,262,,"2,276",,,,,
178,New Zealand,"2,613",,26 ,,"2,564",,23,,522,5,"2,013,539","402,539","5,002,100 ",Australia/Oceania,"1,914192,3882",,,5,,,,,
179,Monaco,"2,457",+3,32 ,,"2,369",+1,56,1,"62,245",811,"51,953","1,316,165","39,473 ",Europe,"161,2341",76,,"1,419",,,,,
180,Timor-Leste,"2,396",+120,3 ,,"1,157",+43,"1,236",,"1,789",2,"66,785","49,868","1,339,228 ",Asia,"559446,40920",90,,923,,,,,
181,Bermuda,"2,393",,28 ,,"1,820",,545,28,"38,543",451,"239,584","3,858,905","62,086 ",North America,"262,2170",,,"8,778",,,,,
182,Turks and Caicos,"2,390",+2,17 ,,"2,343",,30,2,"61,046",434,"55,521","1,418,125","39,151 ",North America,"162,3031",51,,766,,,,,
183,Sao Tome and Principe,"2,302",,35 ,,"2,241",,26,,"10,345",157,"12,999","58,415","222,528 ",Africa,"976,35817",,,117,,,,,
184,Sint Maarten,"2,230",,27 ,,"2,187",,16,1,"51,525",624,"26,359","609,034","43,280 ",North America,"191,6032",,,370,,,,,
185,Liberia,"2,099",,85 ,,"1,949",,65,2,407,16,"95,315","18,487","5,155,897 ",Africa,"2,45660,65854",,,13,,,,,
186,St. Vincent Grenadines,"1,864",,11 ,,"1,719",+4,134,2,"16,758",99,"45,183","406,201","111,233 ",North America,"6010,1122",,,"1,205",,,,,
187,Saint Martin,"1,745",,12 ,,"1,399",,334,7,"44,502",306,"27,588","703,560","39,212 ",North America,"223,2681",,,"8,518",,,,,
188,Isle of Man,"1,589",+2,29 ,,"1,548",,12,1,"18,605",340,"44,761","524,091","85,407 ",Europe,"542,9452",23,,141,,,,,
189,Caribbean Netherlands,"1,559",+1,16 ,,"1,530",+65,13,,"58,997",605,"10,025","379,376","26,425 ",North America,"171,6523",38,,492,,,,,
190,Antigua and Barbuda,"1,232",,32 ,,"1,014",,186,1,"12,495",325,"16,700","169,366","98,603 ",North America,"803,0816",,,"1,886",,,,,
191,Mauritius,"1,211",+2,17 ,,"1,088",+4,106,,951,13,"358,675","281,640","1,273,525 ",Africa,"1,05274,9134",2,,83,,,,,
192,Taiwan,"1,132",+3,12 ,,"1,053",,67,,47,0.5,"539,626","22,623","23,852,669 ",Asia,"21,0711,987,72244",0.1,,3,,,,,
193,Bhutan,"1,106",+32,1  ,,990,+29,115,,"1,420",1,"707,405","908,489","778,661 ",Asia,"704778,6611",41,,148,,,,,
194,St. Barth,974,,1 ,,462,,511,,"98,364",101,"26,385","2,664,613","9,902 ",North America,"109,9020",,,"51,606",,,,,
195,Laos,821,+64, ,,51,,770,,112,,"174,234","23,663","7,363,088 ",Asia,"8,96842",9,,105,,,,,
196,Diamond Princess,712,,13 ,,699,,0,,,,,, ,,,,,,,,,,
197,Faeroe Islands,664,,1 ,,662,,1,,"13,546",20,"253,211","5,165,779","49,017 ",Europe,"7449,0170",,,20,,,,,
198,Cayman Islands,543,,2 ,,526,,15,,"8,182",30,"90,031","1,356,665","66,362 ",North America,"12233,1811",,,226,,,,,
199,Tanzania,509,,21 ,,183,,305,7,8,0.3,,,"61,137,218 ",Africa,"120,1122,911,296",,,5,,,,,
200,Wallis and Futuna,444,,7 ,,44,,393,1,"40,094",632,"15,256","1,377,641","11,074 ",Australia/Oceania,"251,5821",,,"35,489",,,,,
201,Brunei ,227,+3,3 ,,218,+3,6,,515,7,"121,153","274,750","440,958 ",Asia,"1,943146,9864",7,,14,,,,,
202,British Virgin Islands,194,,1 ,,191,,2,,"6,382",33,"38,203","1,256,760","30,398 ",North America,"15730,3981",,,66,,,,,
203,Dominica,174,, ,,172,,2,,"2,412",,"14,936","207,056","72,135 ",North America,4155,,,28,,,,,
204,Grenada,160,,1 ,,158,,1,,"1,416",9,"26,331","233,106","112,957 ",North America,"706112,9574",,,9,,,,,
205,New Caledonia,124,, ,,58,,66,,431,,"30,081","104,529","287,777 ",Australia/Oceania,"2,32110",,,229,,,,,
206,Fiji,119,+2,2 ,,68,+3,49,,132,2,"52,040","57,704","901,844 ",Australia/Oceania,"7,579450,92217",2,,54,,,,,
207,Anguilla,93,, ,,29,,64,,"6,153",,"20,821","1,377,597","15,114 ",North America,1631,,,"4,234",,,,,
208,Falkland Islands,63,, ,,62,,1,,"17,677",,"7,202","2,020,763","3,564 ",South America,570,,,281,,,,,
209,Macao,49,, ,,49,,0,,75,,"4,483","6,827","656,676 ",Asia,"13,402146",,,,,,,,
210,Saint Kitts and Nevis,45,+1, ,,44,,1,,841,,"13,691","255,849","53,512 ",North America,"1,1894",19,,19,,,,,
211,Greenland,31,, ,,31,,0,,545,,"20,669","363,558","56,852 ",North America,"1,8343",,,,,,,,
212,Vatican City,27,, ,,15,,12,,"33,624",,,,803 ,Europe,30,,,"14,944",,,,,
213,Saint Pierre Miquelon,25,, ,,25,,0,,"4,333",,"5,318","921,664","5,770 ",North America,2311,,,,,,,,
214,Montserrat,20,,1 ,,19,,0,,"4,004",200,"1,313","262,863","4,995 ",North America,"2504,9954",,,,,,,,
215,Solomon Islands,20,, ,,20,,0,,29,,"4,500","6,421","700,795 ",Australia/Oceania,"35,040156",,,,,,,,
216,Western Sahara,10,,1 ,,8,,1,,16,2,,,"609,468 ",Africa,"60,947609,468",,,2,,,,,
217,MS Zaandam,9,,2 ,,7,,0,,,,,, ,,,,,,,,,,
218,Vanuatu,4,,1 ,,3,,0,,13,3,470,"1,501","313,075 ",Australia/Oceania,"78,269313,075666",,,,,,,,
219,Marshall Islands,4,, ,,4,,0,,67,,,,"59,522 ",Australia/Oceania,"14,881",,,,,,,,
220,Samoa,3,, ,,2,,1,,15,,,,"199,510 ",Australia/Oceania,"66,503",,,5,,,,,
221,Saint Helena,2,, ,,2,,0,,328,,,,"6,092 ",Africa,"3,046",,,,,,,,
222,Micronesia,1,, ,,1,,0,,9,,,,"116,024 ",Australia/Oceania,"116,024",,,,,,,,
,Total:,"40,013,564","+498,424","525,962","+5,205","34,280,286","+470,737","5,207,316","33,659",,,,,,Asia, ,,,,,,,,
,Total:,"38,390,846","+57,502","863,084","+1,226","30,110,235","+82,044","7,417,527","17,284",,,,,,North America, ,,,,,,,,
,Total:,"25,021,673","+116,900","676,724","+3,702","22,592,875","+101,164","1,752,074","27,842",,,,,,South America, ,,,,,,,,
,Total:,"44,700,506","+115,169","1,016,744","+2,458","39,549,605","+175,562","4,134,157","29,460",,,,,,Europe, ,,,,,,,,
,Total:,"4,605,195","+7,849","122,387",+284,"4,133,612","+11,329","349,196","3,690",,,,,,Africa, ,,,,,,,,
,Total:,"63,021",+95,"1,202",+8,"59,280",+380,"2,539",5,,,,,,Australia/Oceania, ,,,,,,,,
,Total:,721,,15,,706,,0,0,,,,,,, ,,,,,,,,
,Total:,"152,795,526","+795,939","3,206,118","+12,883","130,726,599","+841,216","18,862,809","111,940","19,602.2",411.3,,,,All,,,,,,,,,
#,"Country,Other",TotalCases,NewCases,TotalDeaths,NewDeaths,TotalRecovered,NewRecovered,ActiveCases,"Serious,Critical",Tot Cases/1M pop,Deaths/1M pop,TotalTests,Tests/,1M pop,,Population,Continent,1 Caseevery X ppl1 Deathevery X ppl1 Testevery X ppl,New Cases/1M pop,New Deaths/1M pop,Active Cases/1M pop,,,
,,Asia,,"39,515,140","+520,195","520,757","+5,239","33,809,549","+438,518","5,184,834","32,447",,,,,,Asia,,,,,,,
,,North America,,"38,333,344","+80,406","861,858","+1,485","30,028,191","+85,339","7,443,295","17,356",,,,,,North America,,,,,,,
,,South America,,"24,904,773","+137,657","673,022","+4,469","22,491,711","+98,287","1,740,040","27,824",,,,,,South America,,,,,,,
,,Europe,,"44,585,337","+125,403","1,014,286","+2,865","39,374,043","+184,749","4,197,008","29,929",,,,,,Europe,,,,,,,
,,Africa,,"4,597,346","+9,558","122,103",+255,"4,122,283","+10,255","352,960","3,781",,,,,,Africa,,,,,,,
,,Oceania,,"62,926",+66,"1,194",,"58,900",+14,"2,832",5,,,,,,Australia/Oceania,,,,,,,
,,,,721,,15,,706,,0,0,,,,,,,,,,,,,
,World,"151,999,587","+873,285","3,193,235","+14,313","129,885,383","+817,162","18,920,969","111,342","19,500",409.7,,,,All,,,,,,,,,
1,China,"90,655",+13,"4,636 ",,"85,691",+9,328,3,63,3,"160,000,000","111,163","1,439,323,776 ",Asia,"15,877310,4679",0.01,,0.2,,,,,
2,USA,"33,103,974","+59,906","590,043 ",+784,"25,710,142","+68,568","6,803,789","9,612","99,526","1,774","446,627,197","1,342,768","332,616,743 ",North America,105641,180,2,"20,455",,,,,
3,India,"19,157,094","+402,110","211,835 ","+3,522","15,673,003","+299,238","3,272,256","8,944","13,769",152,"286,392,086","205,849","1,391,271,798 ",Asia,"736,5685",289,3,"2,352",,,,,
4,Brazil,"14,665,962","+73,076","404,287 ","+2,870","13,194,538","+42,420","1,067,137","8,318","68,592","1,891","43,818,216","204,935","213,815,388 ",South America,155295,342,13,"4,991",,,,,
5,France,"5,616,689","+24,299","104,514 ",+276,"4,540,185","+41,587","971,990","5,675","85,890","1,598","75,976,229","1,161,827","65,393,762 ",Europe,126261,372,4,"14,864",,,,,
6,Turkey,"4,820,591","+31,891","40,131 ",+394,"4,323,897","+68,183","456,563","3,534","56,651",472,"47,261,999","555,419","85,092,490 ",Asia,"182,1202",375,5,"5,365",,,,,
7,Russia,"4,805,288","+8,731","110,128 ",+397,"4,427,946","+8,406","267,214","2,300","32,916",754,"129,100,000","884,328","145,986,588 ",Europe,"301,3261",60,3,"1,830",,,,,
8,UK,"4,416,623","+2,381","127,517 ",+15,"4,214,791","+4,448","74,315",196,"64,776","1,870","156,302,824","2,292,415","68,182,618 ",Europe,155350,35,0.2,"1,090",,,,,
9,Italy,"4,022,652","+13,445","120,807 ",+263,"3,465,676","+15,721","436,169","2,583","66,614","2,001","58,579,752","970,061","60,387,724 ",Europe,155001,223,4,"7,223",,,,,
10,Spain,"3,524,077","+9,135","78,216 ",+136,"3,206,273","+13,303","239,588","2,308","75,349","1,672","46,199,597","987,807","46,769,864 ",Europe,135981,195,3,"5,123",,,,,
11,Germany,"3,392,232","+12,845","83,542 ",+204,"2,995,200","+20,000","313,490","5,049","40,380",994,"55,490,413","660,546","84,006,917 ",Europe,"251,0062",153,2,"3,732",,,,,
12,Argentina,"2,977,363","+22,420","63,865 ",+357,"2,634,306","+26,229","279,192","5,369","65,379","1,402","11,148,350","244,802","45,540,268 ",South America,157134,492,8,"6,131",,,,,
13,Colombia,"2,859,724","+17,790","73,720 ",+490,"2,669,308","+18,665","116,696","6,006","55,709","1,436","14,802,786","288,367","51,333,154 ",South America,186963,347,10,"2,273",,,,,
14,Poland,"2,792,148","+6,802","67,501 ",+428,"2,496,810","+13,030","227,837","2,831","73,843","1,785","14,321,250","378,748","37,812,066 ",Europe,145603,180,11,"6,026",,,,,
15,Iran,"2,499,077","+19,272","71,758 ",+407,"1,954,321","+16,257","472,998","5,398","29,441",845,"15,830,271","186,491","84,884,809 ",Asia,"341,1835",227,5,"5,572",,,,,
16,Mexico,"2,340,934","+3,990","216,447 ",+529,"1,861,861","+3,017","262,626","4,798","17,999","1,664","6,612,450","50,843","130,057,448 ",North America,5660120,31,4,"2,019",,,,,
17,Ukraine,"2,069,537","+10,072","44,085 ",+307,"1,655,525","+20,192","369,927",177,"47,560","1,013","9,418,779","216,452","43,514,481 ",Europe,219875,231,7,"8,501",,,,,
18,Peru,"1,799,445","+7,447","61,477 ",+376,"1,688,091",,"49,877","2,652","53,952","1,843","11,169,530","334,891","33,352,726 ",South America,195433,223,11,"1,495",,,,,
19,Indonesia,"1,668,368","+5,500","45,521 ",+187,"1,522,634","+5,202","100,213",,"6,046",165,"14,640,442","53,060","275,924,964 ",Asia,"1656,06119",20,0.7,363,,,,,
20,Czechia,"1,630,771","+2,225","29,300 ",+38,"1,555,002",+156,"46,469",553,"152,046","2,732","18,138,011","1,691,107","10,725,523 ",Europe,73661,207,4,"4,333",,,,,
21,South Africa,"1,581,210","+1,674","54,350 ",+19,"1,505,620","+1,194","21,240",546,"26,385",907,"10,654,870","177,791","59,929,069 ",Africa,"381,1036",28,0.3,354,,,,,
22,Netherlands,"1,496,352","+7,758","17,148 ",+22,"1,255,490","+7,611","223,714",811,"87,167",999,"12,274,847","715,049","17,166,437 ",Europe,"111,0011",452,1,"13,032",,,,,
23,Canada,"1,219,425","+8,342","24,219 ",+50,"1,111,887","+8,425","83,319","1,422","32,076",637,"31,479,292","828,030","38,017,069 ",North America,"311,5701",219,1,"2,192",,,,,
24,Chile,"1,198,245","+7,254","26,353 ",+106,"1,129,347","+3,586","42,545","3,345","62,238","1,369","13,051,622","677,917","19,252,532 ",South America,167311,377,6,"2,210",,,,,
25,Iraq,"1,065,199","+6,405","15,465 ",+32,"942,046","+7,111","107,688",562,"26,000",377,"9,338,101","227,933","40,968,539 ",Asia,"382,6494",156,0.8,"2,629",,,,,
26,Romania,"1,055,265","+1,636","28,109 ",+138,"989,393","+3,566","37,763","1,284","55,161","1,469","8,257,487","431,638","19,130,567 ",Europe,186812,86,7,"1,974",,,,,
27,Philippines,"1,037,427","+8,715","17,234 ",+89,"946,242","+4,067","73,951",750,"9,364",156,"11,805,080","106,553","110,790,799 ",Asia,"1076,4299",79,0.8,667,,,,,
28,Belgium,"986,622","+3,663","24,185 ",+45,"848,796",,"113,641",886,"84,823","2,079","12,475,193","1,072,527","11,631,588 ",Europe,124811,315,4,"9,770",,,,,
29,Sweden,"973,604",,"14,048 ",+33,"799,710","+8,835","159,846",392,"95,906","1,384","8,482,276","835,558","10,151,626 ",Europe,107231,,3,"15,746",,,,,
30,Israel,"838,481",+74,"6,363 ",+1,"830,625",+95,"1,493",110,"91,163",692,"14,200,104","1,543,894","9,197,590 ",Asia,"111,4451",8,0.1,162,,,,,
31,Portugal,"836,493",+460,"16,974 ",,"795,838",+512,"23,681",89,"82,236","1,669","10,515,374","1,033,765","10,171,918 ",Europe,125991,45,,"2,328",,,,,
32,Pakistan,"820,823","+5,112","17,811 ",+131,"711,465","+3,272","91,547","5,360","3,657",79,"11,788,126","52,522","224,441,715 ",Asia,"27312,60119",23,0.6,408,,,,,
33,Hungary,"779,348","+2,365","27,540 ",+182,"510,379","+6,682","241,429",677,"80,846","2,857","5,373,540","557,427","9,639,899 ",Europe,123502,245,19,"25,045",,,,,
34,Bangladesh,"759,132","+2,177","11,450 ",+57,"681,426","+4,325","66,256",,"4,572",69,"5,469,704","32,940","166,051,909 ",Asia,"21914,50230",13,0.3,399,,,,,
35,Jordan,"711,373","+1,556","8,836 ",+35,"682,503","+1,596","20,034",729,"69,151",859,"6,704,884","651,766","10,287,249 ",Asia,"141,1642",151,3,"1,947",,,,,
36,Serbia,"689,557","+1,613","6,362 ",+25,"635,871","+2,707","47,324",169,"79,186",731,"3,839,381","440,902","8,708,015 ",Europe,"131,3692",185,3,"5,435",,,,,
37,Switzerland,"659,974","+1,831","10,632 ",+7,"590,565","+2,403","58,777",238,"75,796","1,221","6,911,371","793,751","8,707,229 ",Europe,138191,210,0.8,"6,750",,,,,
38,Austria,"618,870","+2,131","10,205 ",+26,"584,777","+2,202","23,888",501,"68,390","1,128","31,892,904","3,524,415","9,049,134 ",Europe,158870,235,3,"2,640",,,,,
39,Japan,"586,938","+5,897","10,194 ",+87,"519,047","+3,487","57,697",978,"4,653",81,"11,831,534","93,787","126,153,600 ",Asia,"21512,37511",47,0.7,457,,,,,
40,Lebanon,"526,578","+1,001","7,278 ",+29,"461,122","+3,364","58,178",586,"77,439","1,070","3,997,716","587,904","6,799,947 ",Asia,139342,147,4,"8,556",,,,,
41,UAE,"520,236","+1,974","1,587 ",+3,"500,779","+1,836","17,870",,"52,078",159,"44,108,915","4,415,501","9,989,561 ",Asia,"196,2950",198,0.3,"1,789",,,,,
42,Morocco,"511,249",+363,"9,023 ",+3,"497,621",+516,"4,605",210,"13,716",242,"6,261,875","167,997","37,273,622 ",Africa,"734,1316",10,0.08,124,,,,,
43,Saudi Arabia,"417,363","+1,056","6,957 ",+11,"400,580","+1,071","9,826","1,335","11,836",197,"16,903,813","479,361","35,263,191 ",Asia,"845,0692",30,0.3,279,,,,,
44,Malaysia,"408,713","+3,788","1,506 ",+14,"377,980","+2,640","29,227",328,"12,495",46,"9,404,236","287,503","32,710,014 ",Asia,"8021,7203",116,0.4,894,,,,,
45,Bulgaria,"404,380",+652,"16,399 ",+31,"339,534","+1,222","48,447",674,"58,565","2,375","2,518,362","364,728","6,904,772 ",Europe,174213,94,4,"7,016",,,,,
46,Slovakia,"382,211",+467,"11,684 ",+37,"362,939",+600,"7,588",326,"69,978","2,139","2,620,819","479,841","5,461,845 ",Europe,144672,86,7,"1,389",,,,,
47,Ecuador,"381,862","+1,173","18,631 ",+79,"318,598",,"44,633",624,"21,375","1,043","1,285,512","71,957","17,865,111 ",South America,4795914,66,4,"2,498",,,,,
48,Panama,"364,576",+358,"6,232 ",+5,"354,385",+291,"3,959",105,"83,407","1,426","2,394,760","547,868","4,371,053 ",North America,127012,82,1,906,,,,,
49,Belarus,"358,738","+1,505","2,542 ",+10,"349,013","+1,459","7,183",,"37,975",269,"5,850,328","619,296","9,446,733 ",Europe,"263,7162",159,1,760,,,,,
50,Greece,"345,033","+2,125","10,381 ",+66,"303,202",,"31,450",802,"33,238","1,000","8,136,160","783,787","10,380,577 ",Europe,"301,0001",205,6,"3,030",,,,,
51,Croatia,"332,183","+2,007","7,081 ",+41,"310,595","+2,337","14,507",253,"81,335","1,734","1,804,187","441,755","4,084,137 ",Europe,125772,491,10,"3,552",,,,,
52,Nepal,"323,187","+5,657","3,279 ",+33,"281,095",+928,"38,813",,"10,929",111,"2,473,956","83,662","29,570,715 ",Asia,"919,01812",191,1,"1,313",,,,,
53,Kazakhstan,"319,818","+2,853","3,668 ",+30,"273,915","+2,626","42,235",221,"16,865",193,"10,128,374","534,110","18,963,084 ",Asia,"595,1702",150,2,"2,227",,,,,
54,Azerbaijan,"319,109","+1,196","4,517 ",+27,"289,460","+2,162","25,132",,"31,239",442,"3,241,186","317,294","10,215,094 ",Asia,"322,2613",117,3,"2,460",,,,,
55,Georgia,"310,310","+1,476","4,110 ",+15,"290,767",+791,"15,433",,"77,913","1,032","4,184,317","1,050,601","3,982,784 ",Asia,139691,371,4,"3,875",,,,,
56,Tunisia,"309,119","+1,904","10,722 ",+81,"259,957","+1,767","38,440",536,"25,930",899,"1,312,917","110,132","11,921,296 ",Africa,"391,1129",160,7,"3,224",,,,,
57,Bolivia,"303,732","+1,901","12,951 ",+31,"250,380","+1,277","40,401",71,"25,729","1,097","1,158,410","98,128","11,805,074 ",South America,3991210,161,3,"3,422",,,,,
58,Palestine,"296,462",+861,"3,249 ",+18,"272,333","+1,100","20,880",147,"57,018",625,"1,741,234","334,891","5,199,404 ",Asia,"181,6003",166,3,"4,016",,,,,
59,Paraguay,"279,077","+2,212","6,385 ",+83,"229,519","+1,979","43,173",516,"38,733",886,"1,096,913","152,238","7,205,234 ",South America,"261,1287",307,12,"5,992",,,,,
60,Kuwait,"273,991","+1,429","1,563 ",+9,"257,261","+1,444","15,167",219,"63,381",362,"2,326,703","538,224","4,322,927 ",Asia,"162,7662",331,2,"3,509",,,,,
61,Dominican Republic,"266,561",+347,"3,480 ",+9,"226,392","+1,646","36,689",198,"24,370",318,"1,404,570","128,409","10,938,244 ",North America,"413,1438",32,0.8,"3,354",,,,,
62,Ethiopia,"257,442","+1,024","3,688 ",+30,"198,862",+946,"54,892",962,"2,194",31,"2,580,700","21,998","117,315,204 ",Africa,"45631,81045",9,0.3,468,,,,,
63,Denmark,"251,428",+874,"2,485 ",+2,"239,208","+1,451","9,735",35,"43,281",428,"37,908,060","6,525,547","5,809,177 ",Europe,"232,3380",150,0.3,"1,676",,,,,
64,Costa Rica,"250,991","+2,609","3,231 ",+14,"203,009",+416,"44,751",380,"48,900",629,"974,477","189,854","5,132,758 ",North America,"201,5895",508,3,"8,719",,,,,
65,Moldova,"250,837",+329,"5,812 ",+17,"239,914",+515,"5,111",206,"62,302","1,444","989,787","245,840","4,026,147 ",Europe,166934,82,4,"1,269",,,,,
66,Ireland,"248,870",+544,"4,903 ",+4,"230,955",+407,"13,012",44,"49,938",984,"4,494,860","901,936","4,983,570 ",Europe,"201,0161",109,0.8,"2,611",,,,,
67,Lithuania,"247,320","+1,357","3,927 ",+10,"222,436",+860,"20,957",225,"91,923","1,460","2,797,345","1,039,705","2,690,519 ",Europe,116851,504,4,"7,789",,,,,
68,Slovenia,"240,292",+949,"4,250 ",+7,"226,647",+855,"9,395",156,"115,571","2,044","1,174,592","564,931","2,079,176 ",Europe,94892,456,3,"4,519",,,,,
69,Guatemala,"227,671","+1,424","7,524 ",+24,"202,843","+1,222","17,304",5,"12,516",414,"1,260,190","69,280","18,189,912 ",North America,"802,41814",78,1,951,,,,,
70,Egypt,"227,552","+1,021","13,339 ",+61,"170,773",+765,"43,440",90,"2,189",128,"2,715,258","26,125","103,931,972 ",Africa,"4577,79238",10,0.6,418,,,,,
71,Armenia,"216,064",+536,"4,108 ",+21,"198,135",+964,"13,821",,"72,801","1,384","983,656","331,437","2,967,855 ",Asia,147223,181,7,"4,657",,,,,
72,Honduras,"211,076","+1,586","5,261 ",+38,"78,517",+377,"127,298",566,"21,034",524,"621,659","61,948","10,035,141 ",North America,"481,90716",158,4,"12,685",,,,,
73,Qatar,"205,652",+676,458 ,+8,"189,544","+1,593","15,650",374,"73,243",163,"1,903,912","678,078","2,807,805 ",Asia,"146,1311",241,3,"5,574",,,,,
74,Bosnia and Herzegovina,"198,461",+595,"8,551 ",+39,"159,223",+582,"30,687",,"60,807","2,620","907,054","277,915","3,263,787 ",Europe,163824,182,12,"9,402",,,,,
75,Uruguay,"198,428","+2,694","2,616 ",+53,"167,823","+2,858","27,989",548,"56,958",751,"1,802,140","517,299","3,483,749 ",South America,"181,3322",773,15,"8,034",,,,,
76,Venezuela,"197,683","+1,297","2,136 ",+19,"179,200","+1,128","16,347",317,"6,968",75,"3,359,014","118,405","28,368,759 ",South America,"14413,2818",46,0.7,576,,,,,
77,Oman,"193,253",,"2,010 ",,"173,123",,"18,120",275,"37,065",386,"1,550,000","297,285","5,213,849 ",Asia,"272,5943",,,"3,475",,,,,
78,Libya,"177,508",+436,"3,029 ",+6,"163,191",+519,"11,288",,"25,545",436,"958,768","137,976","6,948,783 ",Africa,"392,2947",63,0.9,"1,624",,,,,
79,Bahrain,"176,934","+1,182",646 ,+7,"165,928","+1,024","10,360",87,"101,092",369,"4,079,066","2,330,595","1,750,225 ",Asia,"102,7090",675,4,"5,919",,,,,
80,Nigeria,"165,110",+55,"2,063 ",,"155,101",+60,"7,946",11,785,10,"1,912,628","9,092","210,358,766 ",Africa,"1,274101,967110",0.3,,38,,,,,
81,Kenya,"159,318",+497,"2,724 ",+17,"108,565",+441,"48,029",191,"2,910",50,"1,669,552","30,494","54,750,456 ",Africa,"34420,09933",9,0.3,877,,,,,
82,North Macedonia,"152,367",+365,"4,855 ",+37,"132,765",+594,"14,747",124,"73,137","2,330","721,446","346,299","2,083,303 ",Europe,144293,175,18,"7,079",,,,,
83,Myanmar,"142,817",+17,"3,209 ",,"131,966",+8,"7,642",,"2,610",59,"2,576,307","47,088","54,713,038 ",Asia,"38317,05021",0.3,,140,,,,,
84,Albania,"131,085",+108,"2,394 ",+5,"109,338",+732,"19,353",18,"45,592",833,"633,689","220,400","2,875,178 ",Europe,"221,2015",38,2,"6,731",,,,,
85,Algeria,"122,108",+242,"3,253 ",+9,"85,108",+168,"33,747",28,"2,744",73,"230,861","5,187","44,506,651 ",Africa,"36413,682193",5,0.2,758,,,,,
86,Estonia,"122,042",+385,"1,161 ",+3,"111,274",+675,"9,607",57,"91,949",875,"1,283,679","967,152","1,327,278 ",Europe,"111,1431",290,2,"7,238",,,,,
87,S. Korea,"122,007",+656,"1,828 ",+3,"111,422",+635,"8,757",164,"2,378",36,"8,848,292","172,461","51,305,935 ",Asia,"42128,0676",13,0.06,171,,,,,
88,Latvia,"118,558",+763,"2,131 ",+6,"107,701",+632,"8,726",84,"63,442","1,140","2,292,447","1,226,714","1,868,770 ",Europe,168771,408,3,"4,669",,,,,
89,Norway,"112,970",+429,756 ,+2,"88,952",,"23,262",40,"20,704",139,"5,212,177","955,229","5,456,469 ",Europe,"487,2181",79,0.4,"4,263",,,,,
90,Sri Lanka,"108,146","+1,662",678 ,+17,"95,975",+530,"11,493",,"5,033",32,"2,538,334","118,128","21,487,952 ",Asia,"19931,6938",77,0.8,535,,,,,
91,Cuba,"106,707","+1,046",644 ,+12,"100,603",+973,"5,460",73,"9,426",57,"3,631,470","320,777","11,320,855 ",North America,"10617,5793",92,1,482,,,,,
92,Montenegro,"97,389",+132,"1,495 ",+3,"93,531",+162,"2,363",69,"155,045","2,380","375,779","598,248","628,132 ",Europe,64202,210,5,"3,762",,,,,
93,Kyrgyzstan,"95,275",+331,"1,604 ",+6,"89,191",+268,"4,480",25,"14,406",243,"988,713","149,502","6,613,368 ",Asia,"694,1237",50,0.9,677,,,,,
94,Ghana,"92,562",,779 ,,"90,196",,"1,587",8,"2,928",25,"1,075,602","34,028","31,609,384 ",Africa,"34140,57729",,,50,,,,,
95,Zambia,"91,586",+53,"1,251 ",+1,"89,933",+81,402,45,"4,869",67,"1,400,235","74,447","18,808,586 ",Africa,"20515,03513",3,0.05,21,,,,,
96,Uzbekistan,"90,808",+402,649 ,+2,"87,067",+293,"3,092",23,"2,681",19,"1,377,915","40,681","33,871,350 ",Asia,"37352,19025",12,0.06,91,,,,,
97,Finland,"86,808",+195,914 ,+1,"46,000",,"39,894",31,"15,647",165,"4,471,351","805,956","5,547,888 ",Europe,"646,0701",35,0.2,"7,191",,,,,
98,Cameroon,"72,250",,"1,107 ",,"64,572",,"6,571",385,"2,667",41,"1,257,949","46,433","27,091,519 ",Africa,"37524,47322",,,243,,,,,
99,Mozambique,"69,917",+53,814 ,,"65,913","+1,372","3,190",43,"2,186",25,"518,615","16,218","31,977,645 ",Africa,"45739,28562",2,,100,,,,,
100,El Salvador,"69,198",,"2,124 ",+4,"64,876",,"2,198",31,"10,624",326,"914,674","140,429","6,513,428 ",North America,"943,0677",,0.6,337,,,,,
101,Luxembourg,"67,205",+160,796 ,+2,"63,661",+213,"2,748",30,"105,932","1,255","2,661,422","4,195,074","634,416 ",Europe,97970,252,3,"4,332",,,,,
102,Cyprus,"65,233",,308 ,,"39,061",,"25,864",75,"53,705",254,"4,851,170","3,993,837","1,214,664 ",Asia,"193,9440",,,"21,293",,,,,
103,Thailand,"65,153","+1,583",203 ,+15,"36,254",+860,"28,696",871,931,3,"8,124,896","116,160","69,945,784 ",Asia,"1,074344,5619",23,0.2,410,,,,,
104,Singapore,"61,145",+24,30 ,,"60,751",+33,364,,"10,384",5,"9,536,636","1,619,514","5,888,578 ",Asia,"96196,2861",4,,62,,,,,
105,Afghanistan,"59,942",+197,"2,631 ",+6,"53,206",+103,"4,105","1,124","1,512",66,"403,764","10,182","39,652,974 ",Asia,"66215,07198",5,0.2,104,,,,,
106,Namibia,"48,351",+174,642 ,+4,"46,021",+112,"1,688",42,"18,748",249,"386,573","149,892","2,579,003 ",Africa,"534,0177",67,2,655,,,,,
107,Botswana,"46,934",,712 ,,"44,960",,"1,262",1,"19,630",298,"999,041","417,850","2,390,908 ",Africa,"513,3582",,,528,,,,,
108,Ivory Coast,"46,036",+38,286 ,,"45,526",+28,224,,"1,710",11,"594,288","22,078","26,917,693 ",Africa,"58594,11845",1,,8,,,,,
109,Jamaica,"45,578",+164,778 ,+8,"21,059",+114,"23,741",26,"15,336",262,"331,131","111,420","2,971,920 ",North America,"653,8209",55,3,"7,988",,,,,
110,Uganda,"41,866",+69,342 ,,"41,422",,102,24,892,7,"1,015,177","21,631","46,930,713 ",Africa,"1,121137,22446",1,,2,,,,,
111,Senegal,"40,344",+49,"1,107 ",,"39,083",+62,154,12,"2,358",65,"479,478","28,026","17,108,079 ",Africa,"42415,45436",3,,9,,,,,
112,Zimbabwe,"38,257",+22,"1,567 ",,"35,612",+18,"1,078",12,"2,543",104,"415,737","27,638","15,042,299 ",Africa,"3939,59936",1,,72,,,,,
113,Madagascar,"37,014",+318,643 ,+6,"31,570",+557,"4,801",391,"1,309",23,"182,972","6,470","28,278,674 ",Africa,"76443,979155",11,0.2,170,,,,,
114,Mongolia,"35,979","+1,356",110 ,+8,"19,642",+923,"16,227",109,"10,830",33,"2,697,262","811,931","3,322,033 ",Asia,"9230,2001",408,2,"4,885",,,,,
115,Malawi,"34,078",+16,"1,148 ",,"32,051",+28,879,12,"1,744",59,"232,358","11,893","19,537,996 ",Africa,"57317,01984",0.8,,45,,,,,
116,Sudan,"33,104",,"2,349 ",,"26,795",,"3,960",,741,53,"232,965","5,212","44,695,198 ",Africa,"1,35019,027192",,,89,,,,,
117,Malta,"30,292",+16,413 ,,"29,548",+55,331,,"68,453",933,"867,282","1,959,862","442,522 ",Europe,"151,0711",36,,748,,,,,
118,DRC,"29,853",+41,766 ,+3,"26,219",+13,"2,868",,325,8,"148,822","1,621","91,804,946 ",Africa,"3,075119,850617",0.4,0.03,31,,,,,
119,Maldives,"29,835",+465,73 ,,"24,775",+72,"4,987",90,"54,401",133,"725,273","1,322,458","548,428 ",Asia,"187,5131",848,,"9,093",,,,,
120,Australia,"29,801",+22,910 ,,"28,599",+6,292,1,"1,158",35,"16,839,329","654,070","25,745,436 ",Australia/Oceania,"86428,2922",0.9,,11,,,,,
121,Angola,"26,652",+221,596 ,+2,"23,876",+270,"2,180",24,791,18,"465,555","13,811","33,708,433 ",Africa,"1,26556,55872",7,0.06,65,,,,,
122,Rwanda,"25,116",+121,335 ,+2,"23,234",+28,"1,547",3,"1,900",25,"1,313,490","99,376","13,217,357 ",Africa,"52639,45510",9,0.2,117,,,,,
123,Cabo Verde,"23,882",+328,217 ,+4,"20,565",+308,"3,100",23,"42,570",387,"149,692","266,831","561,000 ",Africa,"232,5854",585,7,"5,526",,,,,
124,Gabon,"23,075",+257,139 ,+1,"19,629",+239,"3,307",19,"10,169",61,"731,109","322,199","2,269,124 ",Africa,"9816,3253",113,0.4,"1,457",,,,,
125,Syria,"22,733",+102,"1,592 ",+9,"16,821",+160,"4,320",,"1,273",89,"103,566","5,801","17,851,800 ",Asia,"78511,213172",6,0.5,242,,,,,
126,Guinea,"22,215",,144 ,,"19,670",,"2,401",24,"1,655",11,"431,897","32,167","13,426,693 ",Africa,"60493,24131",,,179,,,,,
127,Réunion,"20,381",,148 ,,"18,659",,"1,574",36,"22,630",164,"101,244","112,416","900,623 ",Africa,"446,0859",,,"1,748",,,,,
128,Mayotte,"20,094",+39,170 ,,"2,964",,"16,960",3,"72,215",611,"171,277","615,546","278,252 ",Africa,"141,6372",140,,"60,952",,,,,
129,French Guiana,"19,543",+139,101 ,+1,"9,995",,"9,447",20,"64,060",331,"216,365","709,226","305,072 ",South America,"163,0211",456,3,"30,966",,,,,
130,French Polynesia,"18,758",+3,141 ,,"18,597",+8,20,3,"66,457",500,"26,355","93,372","282,258 ",Australia/Oceania,"152,00211",11,,71,,,,,
131,Eswatini,"18,458",,671 ,,"17,743",,44,3,"15,774",573,"186,323","159,232","1,170,138 ",Africa,"631,7446",,,38,,,,,
132,Mauritania,"18,402",+25,455 ,,"17,687",+18,260,14,"3,874",96,"233,956","49,248","4,750,525 ",Africa,"25810,44120",5,,55,,,,,
133,Guadeloupe,"14,555",,198 ,,"2,242",,"12,115",18,"36,371",495,"180,000","449,796","400,181 ",North America,"272,0212",,,"30,274",,,,,
134,Somalia,"13,915",,713 ,,"5,847",,"7,355",,856,44,"111,801","6,876","16,258,940 ",Africa,"1,16822,804145",,,452,,,,,
135,Mali,"13,858",+43,484 ,+3,"8,560",+93,"4,814",,668,23,"254,662","12,284","20,731,747 ",Africa,"1,49642,83481",2,0.1,232,,,,,
136,Cambodia,"13,402",+761,93 ,+2,"5,152",+166,"8,157",,793,5,"906,182","53,586","16,910,843 ",Asia,"1,262181,83719",45,0.1,482,,,,,
137,Burkina Faso,"13,310",+1,157 ,,"13,043",+12,110,,623,7,"179,512","8,398","21,376,120 ",Africa,"1,606136,154119",0.05,,5,,,,,
138,Tajikistan,"13,308",,90 ,,"13,218",,0,,"1,370",9,,,"9,714,711 ",Asia,"730107,941",,,,,,,,
139,Guyana,"13,283",+177,296 ,+1,"11,208",+98,"1,779",15,"16,820",375,"122,494","155,113","789,709 ",South America,"592,6686",224,1,"2,253",,,,,
140,Andorra,"13,232",+34,125 ,,"12,684",+34,423,18,"171,027","1,616","193,595","2,502,262","77,368 ",Europe,66190,439,,"5,467",,,,,
141,Haiti,"13,094",+77,254 ,,"12,148",+5,692,,"1,137",22,"60,085","5,217","11,517,868 ",North America,"88045,346192",7,,60,,,,,
142,Togo,"12,967",+36,123 ,,"11,140",+95,"1,704",,"1,537",15,"310,570","36,802","8,439,039 ",Africa,"65168,61027",4,,202,,,,,
143,Belize,"12,668",+22,323 ,,"12,218",+10,127,1,"31,387",800,"117,641","291,476","403,604 ",North America,"321,2503",55,,315,,,,,
144,Curaçao,"12,195",+14,109 ,+1,"11,612",+69,474,22,"74,066",662,"94,604","574,573","164,651 ",North America,"141,5112",85,6,"2,879",,,,,
145,Hong Kong,"11,775",+4,209 ,,"11,416",+12,150,3,"1,560",28,"11,193,673","1,483,092","7,547,522 ",Asia,"64136,1131",0.5,,20,,,,,
146,Martinique,"11,253",,75 ,,98,,"11,080",33,"30,006",200,"157,145","419,028","375,023 ",North America,"335,0002",,,"29,545",,,,,
147,Djibouti,"11,100",+74,143 ,,"10,708",+62,249,,"11,101",143,"149,489","149,502","999,911 ",Africa,"906,9927",74,,249,,,,,
148,Papua New Guinea,"11,037",+40,107 ,,"8,943",,"1,987",,"1,215",12,"93,283","10,265","9,087,299 ",Australia/Oceania,"82384,92897",4,,219,,,,,
149,Trinidad and Tobago,"10,824",+326,169 ,+4,"8,481",+61,"2,174",8,"7,713",120,"131,207","93,502","1,403,260 ",North America,"1308,30311",232,3,"1,549",,,,,
150,Lesotho,"10,731",,316 ,,"6,267",,"4,148",,"4,976",147,"79,490","36,863","2,156,361 ",Africa,"2016,82427",,,"1,924",,,,,
151,Congo,"10,678",,144 ,,"8,208",,"2,326",,"1,897",26,"92,500","16,429","5,630,256 ",Africa,"52739,09961",,,413,,,,,
152,Aruba,"10,638",+30,99 ,+1,"10,368",+32,171,14,"99,288",924,"148,270","1,383,851","107,143 ",North America,"101,0821",280,9,"1,596",,,,,
153,South Sudan,"10,583",+16,115 ,+1,"10,312",,156,,936,10,"151,582","13,411","11,302,639 ",Africa,"1,06898,28475",1,0.09,14,,,,,
154,Bahamas,"10,453",+104,199 ,+1,"9,494",+73,760,4,"26,372",502,"86,984","219,454","396,365 ",North America,"381,9925",262,3,"1,917",,,,,
155,Suriname,"10,363",+77,204  ,+3,"9,336",+47,823,23,"17,535",345,"50,752","85,875","590,998 ",South America,"572,89712",130,5,"1,393",,,,,
156,Benin,"7,821",,99 ,,"7,580",,142,35,631,8,"590,214","47,654","12,385,279 ",Africa,"1,584125,10421",,,11,,,,,
157,Equatorial Guinea,"7,694",,112 ,,"7,279",,303,7,"5,340",78,"123,169","85,479","1,440,927 ",Africa,"18712,86512",,,210,,,,,
158,Nicaragua,"6,898",,182 ,,"4,225",,"2,491",,"1,031",27,,,"6,689,960 ",North America,"97036,758",,,372,,,,,
159,Iceland,"6,472",+6,29 ,,"6,253",+7,190,4,"18,864",85,"600,005","1,748,857","343,084 ",Europe,"5311,8301",17,,554,,,,,
160,CAR,"6,411",,88 ,,"5,112",,"1,211",2,"1,309",18,"40,907","8,350","4,899,311 ",Africa,"76455,674120",,,247,,,,,
161,Yemen,"6,317",+23,"1,226 ",+4,"2,751",+20,"2,340",23,208,40,"23,855",786,"30,369,014 ",Asia,"4,80824,7711,273",0.8,0.1,77,,,,,
162,Gambia,"5,898",+11,174 ,,"5,357",+16,367,3,"2,385",70,"71,116","28,761","2,472,661 ",Africa,"41914,21135",4,,148,,,,,
163,Seychelles,"5,873",+314,28 ,+2,"5,101",+426,744,,"59,411",283,"21,504","217,535","98,853 ",Africa,"173,5305","3,176",20,"7,526",,,,,
164,Niger,"5,228",+2,191 ,,"4,851",,186,18,210,8,"98,784","3,963","24,926,972 ",Africa,"4,768130,508252",0.08,,7,,,,,
165,San Marino,"5,066",+6,90 ,,"4,917",+8,59,4,"149,044","2,648","61,499","1,809,326","33,990 ",Europe,73781,177,,"1,736",,,,,
166,Chad,"4,817",+7,170 ,,"4,423",+7,224,,286,10,"113,775","6,766","16,814,496 ",Africa,"3,49198,909148",0.4,,13,,,,,
167,Saint Lucia,"4,552",+18,74 ,,"4,363",+6,115,,"24,696",401,"40,297","218,619","184,325 ",North America,"402,4915",98,,624,,,,,
168,Gibraltar,"4,283",,94 ,,"4,185",,4,1,"127,156","2,791","233,075","6,919,663","33,683 ",Europe,83580,,,119,,,,,
169,Channel Islands,"4,055",,86 ,,"3,956",,13,1,"23,146",491,"454,413","2,593,770","175,194 ",Europe,"432,0370",,,74,,,,,
170,Sierra Leone,"4,054",+1,79 ,,"3,076",+1,899,,500,10,"119,155","14,690","8,111,176 ",Africa,"2,001102,67368",0.1,,111,,,,,
171,Burundi,"3,995",+10,6 ,,773,,"3,216",,328,0.5,"90,019","7,389","12,182,658 ",Africa,"3,0492,030,443135",0.8,,264,,,,,
172,Barbados,"3,855",+17,44 ,,"3,768",+9,43,,"13,401",153,"153,036","531,988","287,668 ",North America,"756,5382",59,,149,,,,,
173,Comoros,"3,834",,146 ,,"3,674",,14,,"4,333",165,,,"884,919 ",Africa,"2316,061",,,16,,,,,
174,Guinea-Bissau,"3,734",+1,67 ,,"3,315",+15,352,9,"1,861",33,"63,663","31,730","2,006,429 ",Africa,"53729,94732",0.5,,175,,,,,
175,Eritrea,"3,671",,10 ,,"3,492",,169,,"1,023",3,"23,693","6,605","3,587,124 ",Africa,"977358,712151",,,47,,,,,
176,Vietnam,"2,928",+18,35 ,,"2,516",,377,,30,0.4,"2,598,753","26,500","98,066,119 ",Asia,"33,4932,801,88938",0.2,,4,,,,,
177,Liechtenstein,"2,926",+5,57 ,,"2,792",+11,77,6,"76,559","1,491","39,109","1,023,287","38,219 ",Europe,136711,131,,"2,015",,,,,
178,New Zealand,"2,613",,26 ,,"2,564",,23,,522,5,"2,013,539","402,539","5,002,100  ",Australia/Oceania,"1,914192,3882",,,5,,,,,
179,Monaco,"2,454",+2,32 ,,"2,368",+10,54,1,"62,169",811,"51,953","1,316,165","39,473 ",Europe,"161,2341",51,,"1,368",,,,,
180,Bermuda,"2,393",+11,28 ,+1,"1,820",+15,545,28,"38,543",451,"239,584","3,858,905","62,086 ",North America,"262,2170",177,16,"8,778",,,,,
181,Turks and Caicos,"2,388",+2,17 ,,"2,343",+1,28,1,"60,995",434,"54,460","1,391,024","39,151 ",North America,"162,3031",51,,715,,,,,
182,Sao Tome and Principe,"2,302",+1,35 ,,"2,241",+2,26,,"10,345",157,"12,999","58,415","222,528 ",Africa,"976,35817",4,,117,,,,,
183,Timor-Leste,"2,276",+86,3 ,,"1,114",+47,"1,159",,"1,699",2,"66,785","49,868","1,339,228 ",Asia,"588446,40920",64,,865,,,,,
184,Sint Maarten,"2,230",,27 ,,"2,187",,16,1,"51,525",624,"26,359","609,034","43,280 ",North America,"191,6032",,,370,,,,,
185,Liberia,"2,099",,85 ,,"1,949",,65,2,407,16,"95,315","18,487","5,155,897 ",Africa,"2,45660,65854",,,13,,,,,
186,St. Vincent Grenadines,"1,864",+9,11 ,,"1,715",+3,138,2,"16,758",99,"45,158","405,977","111,233 ",North America,"6010,1122",81,,"1,241",,,,,
187,Saint Martin,"1,745",,12 ,,"1,399",,334,7,"44,502",306,"27,588","703,560","39,212 ",North America,"223,2681",,,"8,518",,,,,
188,Isle of Man,"1,587",,29 ,,"1,548",+3,10,1,"18,582",340,"44,761","524,091","85,407 ",Europe,"542,9452",,,117,,,,,
189,Caribbean Netherlands,"1,558",+1,16 ,,"1,465",,77,,"58,959",605,"10,025","379,376","26,425 ",North America,"171,6523",38,,"2,914",,,,,
190,Antigua and Barbuda,"1,232",,32 ,,"1,014",,186,1,"12,495",325,"16,700","169,366","98,603 ",North America,"803,0816",,,"1,886",,,,,
191,Mauritius,"1,209",+1,17 ,,"1,084",+16,108,,949,13,"358,675","281,640","1,273,525 ",Africa,"1,05374,9134",0.8,,85,,,,,
192,Taiwan,"1,129",+8,12 ,,"1,053",+2,64,,47,0.5,"539,626","22,623","23,852,669 ",Asia,"21,1271,987,72244",0.3,,3,,,,,
193,Bhutan,"1,074",+8,1 ,,961,,112,,"1,379",1,"701,154","900,461","778,661 ",Asia,"725778,6611",10,,144,,,,,
194,St. Barth,974,,1 ,,462,,511,,"98,364",101,"26,385","2,664,613","9,902 ",North America,"109,9020",,,"51,606",,,,,
195,Laos,757,+85, ,,51,+1,706,,103,,"171,231","23,255","7,363,088 ",Asia,"9,72743",12,,96,,,,,
196,Diamond Princess,712,,13 ,,699,,0,,,,,, ,,,,,,,,,,
197,Faeroe Islands,664,+1,1 ,,662,,1,,"13,546",20,"252,457","5,150,397","49,017 ",Europe,"7449,0170",20,,20,,,,,
198,Cayman Islands,543,+1,2 ,,526,+4,15,,"8,182",30,"90,031","1,356,665","66,362 ",North America,"12233,1811",15,,226,,,,,
199,Tanzania,509,,21 ,,183,,305,7,8,0.3,,,"61,137,218 ",Africa,"120,1122,911,296",,,5,,,,,
200,Wallis and Futuna,444,,7 ,,44,,393,1,"40,094",632,"15,256","1,377,641","11,074 ",Australia/Oceania,"251,5821",,,"35,489",,,,,
201,Brunei ,224,,3 ,,215,,6,,508,7,"120,301","272,817","440,958 ",Asia,"1,969146,9864",,,14,,,,,
202,British Virgin Islands,194,,1 ,,191,+2,2,,"6,382",33,"38,203","1,256,760","30,398 ",North America,"15730,3981",,,66,,,,,
203,Dominica,174,, ,,172,,2,,"2,412",,"14,936","207,056","72,135 ",North America,4155,,,28,,,,,
204,Grenada,160,,1 ,,158,,1,,"1,416",9,"26,331","233,106","112,957 ",North America,"706112,9574",,,9,,,,,
205,New Caledonia,124,, ,,58,,66,,431,,"30,081","104,529","287,777 ",Australia/Oceania,"2,32110",,,229,,,,,
206,Fiji,117,+1,2 ,,65,,50,,130,2,"51,014","56,566","901,844 ",Australia/Oceania,"7,708450,92218",1,,55,,,,,
207,Anguilla,93,+2, ,,29,,64,,"6,153",,"20,821","1,377,597","15,114 ",North America,1631,132,,"4,234",,,,,
208,Falkland Islands,63,, ,,62,,1,,"17,677",,"7,202","2,020,763","3,564 ",South America,570,,,281,,,,,
209,Macao,49,, ,,49,,0,,75,,"4,483","6,827","656,676 ",Asia,"13,402146",,,,,,,,
210,Saint Kitts and Nevis,44,, ,,44,,0,,822,,"12,381","231,369","53,512 ",North America,"1,2164",,,,,,,,
211,Greenland,31,, ,,31,,0,,545,,"20,669","363,558","56,852 ",North America,"1,8343",,,,,,,,
212,Vatican City,27,, ,,15,,12,,"33,624",,,,803 ,Europe,30,,,"14,944",,,,,
213,Saint Pierre Miquelon,25,, ,,25,,0,,"4,333",,"5,318","921,664","5,770 ",North America,2311,,,,,,,,
214,Montserrat,20,,1 ,,19,,0,,"4,004",200,"1,313","262,863","4,995 ",North America,"2504,9954",,,,,,,,
215,Solomon Islands,20,, ,,20,,0,,29,,"4,500","6,421","700,795 ",Australia/Oceania,"35,040156",,,,,,,,
216,Western Sahara,10,,1 ,,8,,1,,16,2,,,"609,468 ",Africa,"60,947609,468",,,2,,,,,
217,MS Zaandam,9,,2 ,,7,,0,,,,,, ,,,,,,,,,,
218,Vanuatu,4,,1 ,,3,,0,,13,3,470,"1,501","313,075 ",Australia/Oceania,"78,269313,075666",,,,,,,,
219,Marshall Islands,4,, ,,4,,0,,67,,,,"59,522 ",Australia/Oceania,"14,881",,,,,,,,
220,Samoa,3,, ,,2,,1,,15,,,,"199,510 ",Australia/Oceania,"66,503",,,5,,,,,
221,Saint Helena,2,, ,,2,,0,,328,,,,"6,092 ",Africa,"3,046",,,,,,,,
222,Micronesia,1,, ,,1,,0,,9,,,,"116,024 ",Australia/Oceania,"116,024",,,,,,,,
